,Academic Year,Pupil Name,Parent Name,Parent Email
0,Year 2,"Nellies, Ronna","Nellies, Purcell",Purcell.Nellies@Demizz.com
1,Year 4,"Andriulis, Rusty","Andriulis, Vassili",Vassili.Andriulis@Brainbox.com
2,Year 4,"Oakeshott, Roberta","Oakeshott, Haskell",Haskell.Oakeshott@Centidel.com
3,Year 4,"Rubinfajn, Lola","Rubinfajn, Tresa",Tresa.Rubinfajn@Edgeblab.com
4,Year 4,"Benedtti, Kamila","Benedtti, Adela",Adela.Benedtti@Trudoo.com
5,Year 4,"Colebourn, Avery","Colebourn, Dalenna",Dalenna.Colebourn@Linktype.com
6,Year 1,"Klimko, Valentino","Klimko, Onofredo",Onofredo.Klimko@Thoughtblab.com
7,Year 1,"Shearwood, Cal","Shearwood, Berne",Berne.Shearwood@Browseblab.com
8,Year 3,"Truswell, King","Truswell, Evvy",Evvy.Truswell@Photospace.com
9,Year 1,"Stichall, Towney","Stichall, Joyann",Joyann.Stichall@Kwimbee.com
10,Year 3,"Mc Dermid, Aubrette","Mc Dermid, Giraldo",Giraldo.Mc Dermid@Oyonder.com
11,Year 3,"Chatres, Adah","Chatres, Dalia",Dalia.Chatres@Jabbercube.com
12,Year 2,"Titterton, Benedikt","Titterton, Zelma",Zelma.Titterton@Blogtag.com
13,Year 3,"Harberer, Rosina","Harberer, Esther",Esther.Harberer@Trilith.com
14,Year 3,"Filinkov, Panchito","Filinkov, Dasi",Dasi.Filinkov@Flashspan.com
15,Year 3,"Strike, Samara","Strike, Harlene",Harlene.Strike@Innojam.com
16,Year 4,"McCormack, Joane","McCormack, Marsiella",Marsiella.McCormack@Zooxo.com
17,Year 2,"Sitlinton, Griffie","Sitlinton, Hunfredo",Hunfredo.Sitlinton@Meedoo.com
18,Year 1,"Silversmidt, Gilberta","Silversmidt, Tawsha",Tawsha.Silversmidt@Babbleblab.com
19,Year 4,"Matkovic, Marjie","Matkovic, Finn",Finn.Matkovic@Youbridge.com
20,Year 4,"Cowterd, Uri","Cowterd, Larina",Larina.Cowterd@Jabbersphere.com
21,Year 1,"Mattisson, Korella","Mattisson, Marsha",Marsha.Mattisson@Flipopia.com
22,Year 2,"Schonfelder, Findlay","Schonfelder, Aldridge",Aldridge.Schonfelder@Dabtype.com
23,Year 3,"Jantzen, Jaquelyn","Jantzen, Jayme",Jayme.Jantzen@Vitz.com
24,Year 4,"Gradwell, Davina","Gradwell, Junie",Junie.Gradwell@Leexo.com
25,Year 2,"Selby, Nicolea","Selby, Rheba",Rheba.Selby@Kwimbee.com
26,Year 3,"Alelsandrovich, Moselle","Alelsandrovich, Quentin",Quentin.Alelsandrovich@Feedfire.com
27,Year 1,"Nieass, Honey","Nieass, Hermon",Hermon.Nieass@Gigabox.com
28,Year 3,"Godfroy, Akim","Godfroy, Maren",Maren.Godfroy@Buzzshare.com
29,Year 3,"Floch, Karole","Floch, Cynthia",Cynthia.Floch@Zava.com
30,Year 1,"Feldbaum, Nata","Feldbaum, Zita",Zita.Feldbaum@Skidoo.com
31,Year 4,"Antonucci, Jaquelin","Antonucci, Mathe",Mathe.Antonucci@DabZ.com
32,Year 2,"Hallums, Candra","Hallums, Raye",Raye.Hallums@Realbridge.com
33,Year 1,"Masters, Den","Masters, Hermon",Hermon.Masters@Photospace.com
34,Year 4,"Marris, Janifer","Marris, Ilyssa",Ilyssa.Marris@Thoughtworks.com
35,Year 4,"Bremmer, Carolus","Bremmer, Gal",Gal.Bremmer@Kanoodle.com
36,Year 1,"Addicote, Casey","Addicote, Vina",Vina.Addicote@Fiveclub.com
37,Year 2,"De Ath, Brigida","De Ath, Alastair",Alastair.De Ath@Eamia.com
38,Year 4,"Severs, Kimberli","Severs, Annabell",Annabell.Severs@Jaxspan.com
39,Year 2,"Blumson, Maribeth","Blumson, Sarajane",Sarajane.Blumson@Topicblab.com
40,Year 3,"Rosenauer, Arabele","Rosenauer, Vernen",Vernen.Rosenauer@Zava.com
41,Year 2,"Cominetti, Madison","Cominetti, Paulie",Paulie.Cominetti@Tekfly.com
42,Year 2,"Knoton, Verina","Knoton, Melantha",Melantha.Knoton@Jabbercube.com
43,Year 2,"Clubbe, Wolfgang","Clubbe, Claudelle",Claudelle.Clubbe@Cogilith.com
44,Year 1,"Mazdon, Davin","Mazdon, Germain",Germain.Mazdon@Ainyx.com
45,Year 2,"McIlwaine, Constantina","McIlwaine, Onfre",Onfre.McIlwaine@Thoughtstorm.com
46,Year 1,"Merredy, Sayre","Merredy, Antoni",Antoni.Merredy@Browsebug.com
47,Year 2,"Jeannot, Rodrick","Jeannot, Gerick",Gerick.Jeannot@Bubbletube.com
48,Year 1,"Guerre, Kain","Guerre, Walker",Walker.Guerre@Roomm.com
49,Year 2,"Fieldstone, Blinni","Fieldstone, Rudolfo",Rudolfo.Fieldstone@Yoveo.com
50,Year 2,"Goscomb, Annabell","Goscomb, Joann",Joann.Goscomb@Photofeed.com
51,Year 1,"Benazet, Clayborn","Benazet, Robers",Robers.Benazet@Devpoint.com
52,Year 1,"Henze, Mahala","Henze, Fredra",Fredra.Henze@Meevee.com
53,Year 4,"Berzen, Lanette","Berzen, Chrisy",Chrisy.Berzen@Roombo.com
54,Year 3,"Ruckhard, Keefer","Ruckhard, Ashlie",Ashlie.Ruckhard@Dynazzy.com
55,Year 2,"Truelock, Merrili","Truelock, Felicdad",Felicdad.Truelock@Meembee.com
56,Year 1,"Goutcher, Joete","Goutcher, Mandi",Mandi.Goutcher@Flipstorm.com
57,Year 4,"Palfreman, Miguelita","Palfreman, Chloris",Chloris.Palfreman@Wikizz.com
58,Year 4,"Mattes, Ossie","Mattes, Issy",Issy.Mattes@Jaxspan.com
59,Year 2,"Vernay, Bear","Vernay, Joanie",Joanie.Vernay@Quaxo.com
60,Year 1,"Wragge, Teodor","Wragge, Dotti",Dotti.Wragge@Zoomlounge.com
61,Year 2,"Whitelaw, Daisie","Whitelaw, Annabella",Annabella.Whitelaw@Rhynyx.com
62,Year 1,"Littley, Emlynne","Littley, Kitty",Kitty.Littley@Kare.com
63,Year 4,"Walsh, Britni","Walsh, Gwendolyn",Gwendolyn.Walsh@Yamia.com
64,Year 3,"Inseal, Marys","Inseal, Lisle",Lisle.Inseal@Kamba.com
65,Year 2,"Massow, Paxton","Massow, Codie",Codie.Massow@Jabbertype.com
66,Year 3,"Scain, Kerby","Scain, Cortie",Cortie.Scain@Zava.com
67,Year 2,"Lamplough, Johnathan","Lamplough, Penelopa",Penelopa.Lamplough@Tagcat.com
68,Year 3,"Donald, Jeni","Donald, Ilysa",Ilysa.Donald@Rhybox.com
69,Year 3,"Abrahamsohn, Sylvia","Abrahamsohn, Fin",Fin.Abrahamsohn@Fivebridge.com
70,Year 4,"Stoyle, Cinnamon","Stoyle, Valerye",Valerye.Stoyle@Browsecat.com
71,Year 3,"Amey, Issi","Amey, Llewellyn",Llewellyn.Amey@Fiveclub.com
72,Year 3,"Letson, Brion","Letson, Zacharie",Zacharie.Letson@Gigashots.com
73,Year 4,"Sire, Nappie","Sire, Hansiain",Hansiain.Sire@Avamba.com
74,Year 4,"Chapelle, Pattie","Chapelle, Orazio",Orazio.Chapelle@Trilia.com
75,Year 4,"Armit, Brynna","Armit, Evania",Evania.Armit@Jamia.com
76,Year 2,"Bruinsma, Gauthier","Bruinsma, Massimiliano",Massimiliano.Bruinsma@Skaboo.com
77,Year 2,"Gudgeon, Pren","Gudgeon, Hobard",Hobard.Gudgeon@Tagopia.com
78,Year 2,"Husthwaite, Wyn","Husthwaite, Karoly",Karoly.Husthwaite@Vinte.com
79,Year 4,"Padrick, Allianora","Padrick, Sharline",Sharline.Padrick@Jabbercube.com
80,Year 3,"Bennough, Malena","Bennough, Osgood",Osgood.Bennough@Photolist.com
81,Year 3,"Winscom, Jarret","Winscom, Beilul",Beilul.Winscom@Gabtune.com
82,Year 2,"Salmen, Ree","Salmen, Laughton",Laughton.Salmen@Zoombox.com
83,Year 1,"Dommerque, Hope","Dommerque, Horace",Horace.Dommerque@Midel.com
84,Year 3,"Trowle, Guillermo","Trowle, Marina",Marina.Trowle@Wikizz.com
85,Year 2,"Cottingham, Tibold","Cottingham, Idell",Idell.Cottingham@Wordware.com
86,Year 2,"Poxton, Cecilia","Poxton, Zea",Zea.Poxton@Rhynyx.com
87,Year 2,"Sleney, Arri","Sleney, Waylin",Waylin.Sleney@Skilith.com
88,Year 4,"Isenor, Regina","Isenor, Jany",Jany.Isenor@Skiba.com
89,Year 4,"Roll, Annalise","Roll, Cammy",Cammy.Roll@Trupe.com
90,Year 2,"Blyth, Othello","Blyth, Beitris",Beitris.Blyth@Realpoint.com
91,Year 4,"Heyball, Ave","Heyball, Wylma",Wylma.Heyball@Twinder.com
92,Year 1,"Civitillo, Friederike","Civitillo, Venus",Venus.Civitillo@Yamia.com
93,Year 2,"Rizzini, Hayley","Rizzini, Darryl",Darryl.Rizzini@Oodoo.com
94,Year 2,"Monery, Blakelee","Monery, Zsa zsa",Zsa zsa.Monery@Skyvu.com
95,Year 3,"Cowton, Jacenta","Cowton, Jenny",Jenny.Cowton@Voonyx.com
96,Year 1,"Westmoreland, Karlyn","Westmoreland, Selene",Selene.Westmoreland@Tazzy.com
97,Year 1,"Bachellier, Yancey","Bachellier, Arabel",Arabel.Bachellier@Realblab.com
98,Year 4,"Lissandrini, Nerte","Lissandrini, Alfonso",Alfonso.Lissandrini@Abata.com
99,Year 1,"Crosthwaite, Dorolice","Crosthwaite, Roley",Roley.Crosthwaite@JumpXS.com
100,Year 4,"Thorley, Brantley","Thorley, Haywood",Haywood.Thorley@Viva.com
101,Year 1,"Cypler, Robin","Cypler, Belle",Belle.Cypler@Devshare.com
102,Year 4,"Allsepp, Phillie","Allsepp, Georgianna",Georgianna.Allsepp@Skaboo.com
103,Year 3,"Artz, Toddie","Artz, Saidee",Saidee.Artz@Zooxo.com
104,Year 1,"Antoshin, Marje","Antoshin, Vassily",Vassily.Antoshin@Topicstorm.com
105,Year 1,"Blazdell, Rochella","Blazdell, Morten",Morten.Blazdell@Dynava.com
106,Year 1,"Thursfield, Aryn","Thursfield, Dita",Dita.Thursfield@Tekfly.com
107,Year 2,"Antowski, Isaiah","Antowski, Abbye",Abbye.Antowski@Agimba.com
108,Year 2,"Owbridge, Helli","Owbridge, Denise",Denise.Owbridge@Linklinks.com
109,Year 4,"Scourgie, Hadrian","Scourgie, Elena",Elena.Scourgie@Linkbridge.com
110,Year 2,"Nanetti, Toddie","Nanetti, Kit",Kit.Nanetti@Mynte.com
111,Year 4,"Sugar, Inger","Sugar, Collin",Collin.Sugar@Divanoodle.com
112,Year 1,"Meyer, Lezlie","Meyer, Nevile",Nevile.Meyer@Fiveclub.com
113,Year 1,"Krinks, Rowland","Krinks, Abbe",Abbe.Krinks@Flashspan.com
114,Year 4,"Baumber, Fair","Baumber, Elnar",Elnar.Baumber@Oyope.com
115,Year 2,"Graver, Ekaterina","Graver, Adam",Adam.Graver@Thoughtbridge.com
116,Year 2,"Spear, Farris","Spear, Amie",Amie.Spear@Skipfire.com
117,Year 2,"Croisier, Shanie","Croisier, Wendye",Wendye.Croisier@Skalith.com
118,Year 4,"Skerme, Fredric","Skerme, Katinka",Katinka.Skerme@Edgeblab.com
119,Year 4,"Udall, Christoph","Udall, Abagael",Abagael.Udall@Divavu.com
120,Year 4,"Koba, Jared","Koba, Merna",Merna.Koba@Yakitri.com
121,Year 2,"Gouley, Lucina","Gouley, Neall",Neall.Gouley@Browsecat.com
122,Year 4,"Fosbraey, Milka","Fosbraey, Kirsten",Kirsten.Fosbraey@Livetube.com
123,Year 3,"Aldwinckle, Iseabal","Aldwinckle, Cherice",Cherice.Aldwinckle@Trunyx.com
124,Year 4,"Featherstonehaugh, Colet","Featherstonehaugh, Brook",Brook.Featherstonehaugh@Pixoboo.com
125,Year 1,"Skaif, Jewelle","Skaif, Claus",Claus.Skaif@Zoozzy.com
126,Year 3,"Plumridge, Brose","Plumridge, Tudor",Tudor.Plumridge@Eare.com
127,Year 2,"Oldknow, Dotty","Oldknow, Hoyt",Hoyt.Oldknow@Janyx.com
128,Year 2,"Conneely, Stacy","Conneely, Emmalee",Emmalee.Conneely@Kayveo.com
129,Year 2,"Ballister, Iona","Ballister, Sutton",Sutton.Ballister@Zoombeat.com
130,Year 2,"Curgenuer, Windy","Curgenuer, Gerda",Gerda.Curgenuer@Minyx.com
131,Year 1,"Echalie, Kienan","Echalie, Tommie",Tommie.Echalie@Digitube.com
132,Year 2,"Curley, Nollie","Curley, Phyllida",Phyllida.Curley@Thoughtsphere.com
133,Year 4,"McGrory, Joelle","McGrory, Annissa",Annissa.McGrory@Eabox.com
134,Year 4,"Schmidt, Pooh","Schmidt, Thedric",Thedric.Schmidt@BlogXS.com
135,Year 4,"Phelipeaux, Coral","Phelipeaux, Evangelina",Evangelina.Phelipeaux@Livepath.com
136,Year 1,"McKeachie, Gifford","McKeachie, Elbertine",Elbertine.McKeachie@Eimbee.com
137,Year 2,"Videan, Orelee","Videan, Sterne",Sterne.Videan@Fadeo.com
138,Year 2,"Scamerden, Toiboid","Scamerden, Ramon",Ramon.Scamerden@Jabbersphere.com
139,Year 3,"Longstaff, Shirline","Longstaff, Calley",Calley.Longstaff@Youbridge.com
140,Year 2,"D'Alessandro, Hurley","D'Alessandro, Sofia",Sofia.D'Alessandro@Miboo.com
141,Year 1,"Di Domenico, Orelia","Di Domenico, Ryon",Ryon.Di Domenico@Zooxo.com
142,Year 3,"O'Corrin, Glynda","O'Corrin, Kristel",Kristel.O'Corrin@Quimm.com
143,Year 2,"Caraher, Bailie","Caraher, Yolanthe",Yolanthe.Caraher@Kimia.com
144,Year 3,"Pattenden, Elizabeth","Pattenden, Jeff",Jeff.Pattenden@BlogXS.com
145,Year 2,"Lardnar, Florian","Lardnar, Etienne",Etienne.Lardnar@Snaptags.com
146,Year 3,"Caherny, Chantal","Caherny, Morena",Morena.Caherny@Demizz.com
147,Year 4,"McMenamin, Sasha","McMenamin, Ermin",Ermin.McMenamin@Agimba.com
148,Year 4,"Verbeek, Ivar","Verbeek, Kienan",Kienan.Verbeek@Devpulse.com
149,Year 3,"Challicombe, Jamaal","Challicombe, Bettine",Bettine.Challicombe@Yodoo.com
150,Year 3,"Milnes, Cello","Milnes, Irving",Irving.Milnes@Photobean.com
151,Year 3,"Leinster, Leese","Leinster, Nonnah",Nonnah.Leinster@Avaveo.com
152,Year 1,"Bernardet, Aleece","Bernardet, Milicent",Milicent.Bernardet@Thoughtbridge.com
153,Year 4,"Penwell, Archibaldo","Penwell, Katuscha",Katuscha.Penwell@Twitterbeat.com
154,Year 1,"Dodding, Berkly","Dodding, Vincenz",Vincenz.Dodding@Realpoint.com
155,Year 1,"Stive, Ynez","Stive, Ulberto",Ulberto.Stive@Livetube.com
156,Year 3,"Ebbin, Francene","Ebbin, Boigie",Boigie.Ebbin@JumpXS.com
157,Year 4,"Bowring, Ilise","Bowring, Fey",Fey.Bowring@Ozu.com
158,Year 2,"Knoton, Clo","Knoton, Demetris",Demetris.Knoton@Skimia.com
159,Year 2,"Valti, Guthrie","Valti, Frankie",Frankie.Valti@Chatterbridge.com
160,Year 3,"Whartonby, Stacey","Whartonby, Bailey",Bailey.Whartonby@Fatz.com
161,Year 1,"Siggers, Ernesta","Siggers, Anet",Anet.Siggers@Thoughtsphere.com
162,Year 3,"Espinet, Denice","Espinet, Clementius",Clementius.Espinet@Myworks.com
163,Year 4,"Luesley, Antin","Luesley, Prince",Prince.Luesley@Ozu.com
164,Year 4,"Brash, Alon","Brash, Pearla",Pearla.Brash@Youspan.com
165,Year 2,"Penke, Harlen","Penke, Delaney",Delaney.Penke@Flipopia.com
166,Year 4,"Anten, Pyotr","Anten, Darrell",Darrell.Anten@Jaxbean.com
167,Year 4,"Skelton, Sean","Skelton, Pryce",Pryce.Skelton@Quatz.com
168,Year 3,"Johanssen, Cary","Johanssen, Elonore",Elonore.Johanssen@Tagopia.com
169,Year 2,"Keywood, Yuri","Keywood, Waneta",Waneta.Keywood@Photojam.com
170,Year 1,"Narducci, Ronnie","Narducci, Thibaud",Thibaud.Narducci@Eadel.com
171,Year 3,"Longmore, Chucho","Longmore, Kristen",Kristen.Longmore@Photobean.com
172,Year 2,"Kupka, Caleb","Kupka, Mandi",Mandi.Kupka@Yadel.com
173,Year 1,"Harmant, Robbin","Harmant, Ana",Ana.Harmant@Meedoo.com
174,Year 2,"Shotboult, Gaylor","Shotboult, Norina",Norina.Shotboult@Eadel.com
175,Year 4,"Tolefree, Lamont","Tolefree, Tim",Tim.Tolefree@Quire.com
176,Year 4,"Upjohn, Wood","Upjohn, Marlo",Marlo.Upjohn@Edgeblab.com
177,Year 4,"Seeds, Brady","Seeds, Lita",Lita.Seeds@Fivebridge.com
178,Year 2,"Litherborough, Selma","Litherborough, Kaile",Kaile.Litherborough@Katz.com
179,Year 2,"Peasee, Carly","Peasee, Teddi",Teddi.Peasee@Tambee.com
180,Year 2,"Artinstall, Rose","Artinstall, Ainsley",Ainsley.Artinstall@LiveZ.com
181,Year 3,"Oleksiak, Hi","Oleksiak, Faina",Faina.Oleksiak@Meetz.com
182,Year 2,"Smardon, Berti","Smardon, Truda",Truda.Smardon@Bubbletube.com
183,Year 3,"Halbard, Lorraine","Halbard, Teriann",Teriann.Halbard@Skynoodle.com
184,Year 3,"Sherewood, Aldis","Sherewood, Carma",Carma.Sherewood@Brainbox.com
185,Year 3,"McGourty, Rabbi","McGourty, Iris",Iris.McGourty@Aimbo.com
186,Year 2,"Layson, Julietta","Layson, Ali",Ali.Layson@Browsecat.com
187,Year 1,"Ditch, Graehme","Ditch, Pierce",Pierce.Ditch@Skivee.com
188,Year 4,"Zanussii, Benetta","Zanussii, Vivie",Vivie.Zanussii@Oodoo.com
189,Year 2,"Seelbach, Pandora","Seelbach, Baldwin",Baldwin.Seelbach@Cogilith.com
190,Year 2,"Crotty, Hatty","Crotty, Caspar",Caspar.Crotty@Realfire.com
191,Year 1,"Pogue, Tessa","Pogue, Moe",Moe.Pogue@Mydeo.com
192,Year 2,"Doogan, Grantley","Doogan, Gerda",Gerda.Doogan@Pixoboo.com
193,Year 1,"Lanning, Sunny","Lanning, Romonda",Romonda.Lanning@Tagpad.com
194,Year 3,"Applegarth, L;urette","Applegarth, Bonny",Bonny.Applegarth@Edgeblab.com
195,Year 1,"Oscroft, Wendy","Oscroft, Tore",Tore.Oscroft@Meemm.com
196,Year 1,"Baldack, Ev","Baldack, Emilio",Emilio.Baldack@Tekfly.com
197,Year 4,"Pesek, Jania","Pesek, Alis",Alis.Pesek@Quinu.com
198,Year 3,"Shenton, Kelley","Shenton, Caron",Caron.Shenton@Eamia.com
199,Year 1,"Sekulla, Doralynne","Sekulla, Stefa",Stefa.Sekulla@Mydo.com
200,Year 3,"Harrald, Price","Harrald, Nanci",Nanci.Harrald@Chatterpoint.com
201,Year 1,"Welburn, Allen","Welburn, Sammy",Sammy.Welburn@Jabberstorm.com
202,Year 1,"Doag, Merwin","Doag, Sophronia",Sophronia.Doag@Skiba.com
203,Year 3,"Symonds, Jeannette","Symonds, Kaylyn",Kaylyn.Symonds@Vipe.com
204,Year 4,"Heckner, Valaree","Heckner, Hinda",Hinda.Heckner@Jaxbean.com
205,Year 2,"Palmar, Gussie","Palmar, Alyosha",Alyosha.Palmar@Devcast.com
206,Year 2,"Beggan, Yehudi","Beggan, Penrod",Penrod.Beggan@Topicstorm.com
207,Year 1,"Tuson, Drusilla","Tuson, Denny",Denny.Tuson@Browseblab.com
208,Year 2,"Dowtry, Alanah","Dowtry, Kare",Kare.Dowtry@Topicblab.com
209,Year 1,"Cobleigh, Kathlin","Cobleigh, Warde",Warde.Cobleigh@Agivu.com
210,Year 2,"Curston, Layne","Curston, Abbi",Abbi.Curston@Mybuzz.com
211,Year 1,"Shropshire, Idell","Shropshire, Michaela",Michaela.Shropshire@Edgeclub.com
212,Year 2,"Whelan, Kimbra","Whelan, Humbert",Humbert.Whelan@Thoughtbeat.com
213,Year 3,"Godsell, Nadean","Godsell, Stefania",Stefania.Godsell@Tavu.com
214,Year 3,"Liger, Katinka","Liger, Gavan",Gavan.Liger@Katz.com
215,Year 3,"Kettles, Fallon","Kettles, Isador",Isador.Kettles@Avavee.com
216,Year 1,"Powland, Tally","Powland, Corby",Corby.Powland@Blognation.com
217,Year 1,"Jerosch, Nolan","Jerosch, Rockie",Rockie.Jerosch@Quatz.com
218,Year 4,"Yukhnini, Viva","Yukhnini, Rik",Rik.Yukhnini@Digitube.com
219,Year 2,"Jurewicz, Nevile","Jurewicz, Reuven",Reuven.Jurewicz@Lazz.com
220,Year 2,"Kaes, Brand","Kaes, Concettina",Concettina.Kaes@Feedfire.com
221,Year 4,"De la Yglesia, Celine","De la Yglesia, Maudie",Maudie.De la Yglesia@Voomm.com
222,Year 3,"Snary, Adrian","Snary, Kenton",Kenton.Snary@Fivebridge.com
223,Year 1,"Casterot, Anny","Casterot, Bryon",Bryon.Casterot@Zava.com
224,Year 4,"Cosins, Jacques","Cosins, Hale",Hale.Cosins@Kimia.com
225,Year 2,"Greenhalf, Lauretta","Greenhalf, Iris",Iris.Greenhalf@Voomm.com
226,Year 3,"Condie, Ettie","Condie, Elenore",Elenore.Condie@Kwilith.com
227,Year 4,"Fellows, Tailor","Fellows, Nelie",Nelie.Fellows@Livetube.com
228,Year 2,"Szimon, Iago","Szimon, Danyelle",Danyelle.Szimon@Rhyloo.com
229,Year 2,"Kittow, Howard","Kittow, Amii",Amii.Kittow@Buzzster.com
230,Year 3,"Okenden, Smith","Okenden, Tallie",Tallie.Okenden@Mymm.com
231,Year 2,"Kibby, West","Kibby, Peggi",Peggi.Kibby@Vinder.com
232,Year 2,"Randalston, Perren","Randalston, Wilton",Wilton.Randalston@Quamba.com
233,Year 2,"Chiese, Garnette","Chiese, Glenden",Glenden.Chiese@Aibox.com
234,Year 4,"Huntingdon, Mace","Huntingdon, Jamison",Jamison.Huntingdon@Oodoo.com
235,Year 1,"Parysowna, Konstantine","Parysowna, Nevins",Nevins.Parysowna@Photobug.com
236,Year 4,"Oseman, Cristina","Oseman, Bernadina",Bernadina.Oseman@Fivespan.com
237,Year 3,"McClements, Finley","McClements, Bryna",Bryna.McClements@Voolith.com
238,Year 1,"Barends, Vic","Barends, Culley",Culley.Barends@Gigashots.com
239,Year 4,"Coyle, Bartholomew","Coyle, Kristan",Kristan.Coyle@Twimm.com
240,Year 4,"Dunlea, Krystal","Dunlea, Pauletta",Pauletta.Dunlea@Rhynoodle.com
241,Year 2,"Lundy, Mireielle","Lundy, Madge",Madge.Lundy@Twinte.com
242,Year 4,"Almond, Sharla","Almond, Dita",Dita.Almond@Flashspan.com
243,Year 4,"Templeton, Sibeal","Templeton, Jerrylee",Jerrylee.Templeton@Mybuzz.com
244,Year 4,"Clayworth, Pearce","Clayworth, Anitra",Anitra.Clayworth@Divavu.com
245,Year 3,"Greder, Sheelah","Greder, Katya",Katya.Greder@Feedfish.com
246,Year 1,"Wybrow, Joly","Wybrow, Elayne",Elayne.Wybrow@Talane.com
247,Year 4,"Antonazzi, Bondon","Antonazzi, Vite",Vite.Antonazzi@Rhynoodle.com
248,Year 4,"Biglin, Gwen","Biglin, Winifred",Winifred.Biglin@Eidel.com
249,Year 1,"Blowen, Kip","Blowen, Othella",Othella.Blowen@Twiyo.com
250,Year 3,"Orrocks, Moises","Orrocks, Katerine",Katerine.Orrocks@Pixoboo.com
251,Year 3,"Shoveller, Norbie","Shoveller, Yorgos",Yorgos.Shoveller@Jabberstorm.com
252,Year 2,"Piperley, Matty","Piperley, Liza",Liza.Piperley@Ooba.com
253,Year 1,"Scamadine, Wileen","Scamadine, Silvanus",Silvanus.Scamadine@Eidel.com
254,Year 4,"Batiste, Armstrong","Batiste, Reuben",Reuben.Batiste@JumpXS.com
255,Year 3,"Blanning, Daisey","Blanning, Chrysa",Chrysa.Blanning@Centimia.com
256,Year 1,"Ouchterlony, Jammal","Ouchterlony, Olivia",Olivia.Ouchterlony@Oozz.com
257,Year 1,"Whittier, Cynthea","Whittier, Pansy",Pansy.Whittier@Vitz.com
258,Year 1,"Reynard, Templeton","Reynard, Orelie",Orelie.Reynard@Meezzy.com
259,Year 1,"Sarre, Baron","Sarre, Bink",Bink.Sarre@Skaboo.com
260,Year 1,"Adds, Rex","Adds, Hetti",Hetti.Adds@Quimm.com
261,Year 4,"Pollie, Oberon","Pollie, Alejoa",Alejoa.Pollie@Edgetag.com
262,Year 1,"Messitt, Dorita","Messitt, Early",Early.Messitt@Bluejam.com
263,Year 4,"Kitlee, Floria","Kitlee, Cornell",Cornell.Kitlee@Ntags.com
264,Year 4,"Bartles, James","Bartles, Della",Della.Bartles@Quaxo.com
265,Year 3,"Yashaev, Jay","Yashaev, Salvador",Salvador.Yashaev@Devpoint.com
266,Year 2,"Sanderson, Leshia","Sanderson, Tobin",Tobin.Sanderson@Mycat.com
267,Year 1,"Glanz, Tiffy","Glanz, Kirbie",Kirbie.Glanz@Photofeed.com
268,Year 1,"Dod, Kizzie","Dod, Isabelita",Isabelita.Dod@Izio.com
269,Year 2,"Lethardy, Madlen","Lethardy, Reilly",Reilly.Lethardy@Tambee.com
270,Year 2,"Brende, Estella","Brende, Frankie",Frankie.Brende@Wordware.com
271,Year 3,"Barstock, Grover","Barstock, Lucie",Lucie.Barstock@Skyba.com
272,Year 4,"Marquiss, Amalee","Marquiss, Jecho",Jecho.Marquiss@Youbridge.com
273,Year 4,"Blyth, Megan","Blyth, Marcus",Marcus.Blyth@Shuffledrive.com
274,Year 2,"Fibbit, Willette","Fibbit, Miguela",Miguela.Fibbit@Fanoodle.com
275,Year 1,"Dymond, Calida","Dymond, Cordy",Cordy.Dymond@Jaxworks.com
276,Year 3,"Ricardin, Aharon","Ricardin, Fabiano",Fabiano.Ricardin@Photobug.com
277,Year 2,"Petyanin, Maurits","Petyanin, Merlina",Merlina.Petyanin@Buzzster.com
278,Year 3,"Polglaze, Ermanno","Polglaze, Karleen",Karleen.Polglaze@Jayo.com
279,Year 4,"Borrel, Ancell","Borrel, Carin",Carin.Borrel@Oozz.com
280,Year 2,"Latchford, Keven","Latchford, Worthington",Worthington.Latchford@Jayo.com
281,Year 4,"Hammill, Rona","Hammill, Juline",Juline.Hammill@Photobug.com
282,Year 2,"Sirett, Evita","Sirett, Wynne",Wynne.Sirett@Skilith.com
283,Year 1,"Sarle, Lorry","Sarle, Halsy",Halsy.Sarle@Aimbo.com
284,Year 2,"Fannon, Kate","Fannon, Beitris",Beitris.Fannon@Twimm.com
285,Year 1,"Vale, Paulina","Vale, Franky",Franky.Vale@Edgewire.com
286,Year 2,"Kelleway, Earl","Kelleway, Valery",Valery.Kelleway@Dabfeed.com
287,Year 2,"Daburn, Culver","Daburn, Cybill",Cybill.Daburn@Plajo.com
288,Year 1,"Worcester, Antonie","Worcester, Evvie",Evvie.Worcester@Flashset.com
289,Year 4,"Cullrford, Magda","Cullrford, Ethan",Ethan.Cullrford@Agimba.com
290,Year 4,"Diack, Jeremiah","Diack, Martino",Martino.Diack@Twinte.com
291,Year 4,"Dibdin, Lynett","Dibdin, Dael",Dael.Dibdin@Brightbean.com
292,Year 4,"Neenan, Trace","Neenan, Packston",Packston.Neenan@Oba.com
293,Year 1,"Gowans, Miran","Gowans, Brinn",Brinn.Gowans@Jabbersphere.com
294,Year 1,"Orrey, Orsa","Orrey, Harv",Harv.Orrey@Yamia.com
295,Year 2,"Bermingham, Gillie","Bermingham, Tabbatha",Tabbatha.Bermingham@Tagtune.com
296,Year 3,"Madgwick, Mikaela","Madgwick, Mace",Mace.Madgwick@Devcast.com
297,Year 3,"Greenin, Maximo","Greenin, Sabine",Sabine.Greenin@Voomm.com
298,Year 3,"Fellis, Daron","Fellis, Imojean",Imojean.Fellis@Gabvine.com
299,Year 2,"Haselwood, Dorothea","Haselwood, Atlanta",Atlanta.Haselwood@Topiczoom.com
300,Year 2,"Howgego, Pernell","Howgego, Birch",Birch.Howgego@Feedfish.com
301,Year 3,"Bebbell, Jaimie","Bebbell, Elvyn",Elvyn.Bebbell@Jaloo.com
302,Year 3,"Dohms, Rici","Dohms, Ernestus",Ernestus.Dohms@Browseblab.com
303,,"Braffington, Oralla","Braffington, Orv",Orv.Braffington@Ntags.com
304,Year 1,"Whiteley, Elisa","Whiteley, Hermann",Hermann.Whiteley@Kazio.com
305,Year 1,"Kynson, Emalia","Kynson, Mal",Mal.Kynson@Agimba.com
306,Year 4,"Standbrook, Kakalina","Standbrook, Wright",Wright.Standbrook@Yabox.com
307,Year 2,"Dionis, Billy","Dionis, Haily",Haily.Dionis@Youspan.com
308,Year 2,"Fishbourn, Kit","Fishbourn, Raeann",Raeann.Fishbourn@Gabtune.com
309,Year 2,"Romain, Sayer","Romain, Archibold",Archibold.Romain@Jaxworks.com
310,Year 4,"Dymott, Welby","Dymott, Danika",Danika.Dymott@Linktype.com
311,Year 3,"Brozsset, Darci","Brozsset, Shay",Shay.Brozsset@Jayo.com
312,Year 4,"Pierro, Emelyne","Pierro, Gunar",Gunar.Pierro@Flashdog.com
313,Year 2,"Ninotti, Afton","Ninotti, Cathrine",Cathrine.Ninotti@Zooxo.com
314,Year 1,"Duinbleton, Sofie","Duinbleton, Evelin",Evelin.Duinbleton@Zoomlounge.com
315,Year 3,"Brittles, Franciskus","Brittles, Catarina",Catarina.Brittles@Yakitri.com
316,Year 2,"Glandon, Darline","Glandon, Jany",Jany.Glandon@Topicblab.com
317,,"Beringer, Adara","Beringer, Edan",Edan.Beringer@Eazzy.com
318,Year 1,"Kennard, Maddie","Kennard, Sheba",Sheba.Kennard@Tagchat.com
319,Year 1,"Rangall, Bobbe","Rangall, Rafaelita",Rafaelita.Rangall@Trunyx.com
320,Year 3,"Darnborough, Osgood","Darnborough, Fiann",Fiann.Darnborough@Flipopia.com
321,Year 4,"Shackle, Cory","Shackle, Camile",Camile.Shackle@Thoughtblab.com
322,Year 4,"Bulluck, Denna","Bulluck, Brittney",Brittney.Bulluck@Photobean.com
323,Year 3,"Slora, Jocelin","Slora, Starr",Starr.Slora@Yodel.com
324,Year 3,"Cockman, Woodman","Cockman, Ninon",Ninon.Cockman@Twitterworks.com
325,Year 4,"Jime, Wain","Jime, Cherida",Cherida.Jime@InnoZ.com
326,Year 1,"Bradmore, Twila","Bradmore, Palmer",Palmer.Bradmore@Meeveo.com
327,Year 3,"Lemery, Marcus","Lemery, Sybilla",Sybilla.Lemery@Skidoo.com
328,Year 1,"Whayman, Alia","Whayman, Ronna",Ronna.Whayman@Realbridge.com
329,Year 1,"Shipcott, Maximilien","Shipcott, Marillin",Marillin.Shipcott@JumpXS.com
330,Year 1,"Exroll, Robina","Exroll, Jordain",Jordain.Exroll@Tagchat.com
331,Year 4,"De Ferraris, Walt","De Ferraris, Phylys",Phylys.De Ferraris@Zoombeat.com
332,Year 1,"Stiff, Alf","Stiff, Lyn",Lyn.Stiff@Mita.com
333,Year 4,"Yateman, Vernon","Yateman, Rollin",Rollin.Yateman@Zoombox.com
334,Year 1,"Kearton, Von","Kearton, Lyman",Lyman.Kearton@Devpoint.com
335,Year 2,"Hunnam, Dacie","Hunnam, Jose",Jose.Hunnam@Rhynyx.com
336,Year 4,"Lepere, Silvie","Lepere, Fair",Fair.Lepere@Brainsphere.com
337,Year 1,"Trudgion, Thorpe","Trudgion, Tedman",Tedman.Trudgion@Oyope.com
338,Year 2,"Hyrons, Lucais","Hyrons, Konstanze",Konstanze.Hyrons@Gabtune.com
339,Year 3,"Hoyer, Matthieu","Hoyer, Herman",Herman.Hoyer@Zoomcast.com
340,Year 2,"Djorvic, Reine","Djorvic, Iolanthe",Iolanthe.Djorvic@Leenti.com
341,Year 3,"Farquhar, Saree","Farquhar, Far",Far.Farquhar@Muxo.com
342,Year 2,"Tawse, Sallyann","Tawse, Kimberli",Kimberli.Tawse@Buzzshare.com
343,Year 3,"Stonham, Victor","Stonham, Leticia",Leticia.Stonham@Buzzshare.com
344,Year 1,"Thumnel, Corella","Thumnel, Ole",Ole.Thumnel@Katz.com
345,Year 1,"Philipard, Andy","Philipard, Hershel",Hershel.Philipard@Muxo.com
346,Year 2,"Bande, Idette","Bande, Freddy",Freddy.Bande@Kaymbo.com
347,Year 1,"Wheldon, Allyn","Wheldon, Donny",Donny.Wheldon@Pixope.com
348,Year 3,"Rontree, Leslie","Rontree, Licha",Licha.Rontree@Edgepulse.com
349,Year 3,"Bortolomei, Bibbie","Bortolomei, Ward",Ward.Bortolomei@Gabspot.com
350,Year 3,"Cleave, Bartolemo","Cleave, Maxwell",Maxwell.Cleave@Dabjam.com
351,Year 4,"Leirmonth, Korry","Leirmonth, Corry",Corry.Leirmonth@Skimia.com
352,Year 4,"Bonicelli, Aridatha","Bonicelli, Sydelle",Sydelle.Bonicelli@Flashset.com
353,Year 2,"Grinley, Twila","Grinley, Jaime",Jaime.Grinley@Mycat.com
354,Year 4,"Pennyman, Lettie","Pennyman, Calli",Calli.Pennyman@Lazzy.com
355,Year 2,"MacIlhargy, Blake","MacIlhargy, Dot",Dot.MacIlhargy@Chatterpoint.com
356,Year 3,"McCloy, Daniele","McCloy, Teri",Teri.McCloy@Babbleset.com
357,Year 4,"Weinmann, Felizio","Weinmann, Catlaina",Catlaina.Weinmann@Eadel.com
358,Year 2,"Tettley, Ilsa","Tettley, Ginger",Ginger.Tettley@Skidoo.com
359,Year 4,"Meriton, Ardyce","Meriton, Benni",Benni.Meriton@Jetwire.com
360,Year 1,"Scard, Shandee","Scard, Josephina",Josephina.Scard@Devcast.com
361,Year 1,"Hegden, Cristionna","Hegden, Padraic",Padraic.Hegden@Ainyx.com
362,Year 1,"Dumsday, Mignonne","Dumsday, Mathilde",Mathilde.Dumsday@Eamia.com
363,Year 1,"Behneke, Raynell","Behneke, Molli",Molli.Behneke@Photojam.com
364,Year 3,"Gawthorpe, Adina","Gawthorpe, Curtis",Curtis.Gawthorpe@Minyx.com
365,Year 2,"De Andreis, Sheff","De Andreis, Alick",Alick.De Andreis@Skinder.com
366,Year 4,"Canepe, Mab","Canepe, Tracy",Tracy.Canepe@Dynava.com
367,Year 3,"Petrillo, Dynah","Petrillo, Nester",Nester.Petrillo@Yozio.com
368,Year 4,"Crumpe, Leroi","Crumpe, Rosene",Rosene.Crumpe@Mudo.com
369,Year 2,"Gierardi, Lynnett","Gierardi, Britt",Britt.Gierardi@Skinder.com
370,Year 4,"Scoggans, Winny","Scoggans, Sheri",Sheri.Scoggans@Tambee.com
371,Year 4,"Palluschek, Shirlene","Palluschek, Drew",Drew.Palluschek@Zazio.com
372,Year 4,"Symington, Zarah","Symington, Kelby",Kelby.Symington@Voomm.com
373,Year 1,"Westoff, Bernete","Westoff, Marge",Marge.Westoff@Eidel.com
374,Year 2,"Daniell, Marlowe","Daniell, Rosette",Rosette.Daniell@Youopia.com
375,Year 1,"Stanett, Berkly","Stanett, Micaela",Micaela.Stanett@Photofeed.com
376,Year 2,"Peat, Dominga","Peat, Saunders",Saunders.Peat@Chatterbridge.com
377,Year 4,"Vaudre, Karlotte","Vaudre, Erinna",Erinna.Vaudre@Realcube.com
378,Year 3,"Ashbridge, Carmelina","Ashbridge, Norrie",Norrie.Ashbridge@Photobug.com
379,Year 1,"Barmby, Ricardo","Barmby, Alric",Alric.Barmby@Buzzster.com
380,Year 4,"Lindsell, Alyson","Lindsell, Jason",Jason.Lindsell@Meezzy.com
381,Year 4,"McPherson, Valentine","McPherson, Randall",Randall.McPherson@Mydo.com
382,Year 2,"Bliven, Analiese","Bliven, Waite",Waite.Bliven@Tagpad.com
383,Year 3,"Matczak, Nathanial","Matczak, Annabela",Annabela.Matczak@Ailane.com
384,Year 3,"Alyukin, Lanny","Alyukin, Georgena",Georgena.Alyukin@Vimbo.com
385,Year 1,"Barnaby, Emmott","Barnaby, Arlan",Arlan.Barnaby@Zoomlounge.com
386,Year 2,"Skarman, Trudey","Skarman, Joyan",Joyan.Skarman@Trilia.com
387,Year 2,"Skillicorn, Daloris","Skillicorn, Link",Link.Skillicorn@Demivee.com
388,Year 3,"Eagland, Ranna","Eagland, Brigida",Brigida.Eagland@Oyonder.com
389,Year 1,"McGairl, Amitie","McGairl, Corey",Corey.McGairl@Demimbu.com
390,Year 3,"Dickon, Karissa","Dickon, Halsey",Halsey.Dickon@Shuffletag.com
391,Year 3,"Hexum, Laural","Hexum, Oren",Oren.Hexum@Jazzy.com
392,Year 1,"Franckton, Quinlan","Franckton, Freddy",Freddy.Franckton@Quimm.com
393,Year 3,"Semerad, Anissa","Semerad, Marguerite",Marguerite.Semerad@Browsecat.com
394,Year 4,"Ashlee, Aland","Ashlee, Gus",Gus.Ashlee@Voolith.com
395,Year 3,"Asch, Chickie","Asch, Flo",Flo.Asch@Mita.com
396,Year 4,"Haberjam, Linda","Haberjam, Cesya",Cesya.Haberjam@Thoughtworks.com
397,Year 3,"Falco, Ad","Falco, Meryl",Meryl.Falco@Leexo.com
398,Year 3,"Reihill, Care","Reihill, Maddy",Maddy.Reihill@Kanoodle.com
399,Year 4,"Bayston, Odelia","Bayston, Jarad",Jarad.Bayston@Lajo.com
400,Year 3,"Nekrews, Tedi","Nekrews, Galvin",Galvin.Nekrews@Edgeify.com
401,Year 4,"Rowan, Adore","Rowan, Lorilee",Lorilee.Rowan@Blogtag.com
402,Year 2,"Blencowe, Thorn","Blencowe, Lavinie",Lavinie.Blencowe@Kayveo.com
403,Year 1,"Duetsche, Prudy","Duetsche, Durward",Durward.Duetsche@Thoughtsphere.com
404,Year 1,"Shearmer, Ariana","Shearmer, Irma",Irma.Shearmer@Roodel.com
405,Year 4,"Gash, Karoline","Gash, Frazer",Frazer.Gash@Bubblebox.com
406,Year 3,"Sings, Liam","Sings, Wallis",Wallis.Sings@Innotype.com
407,Year 3,"Huckleby, Denise","Huckleby, Emmi",Emmi.Huckleby@Skiba.com
408,Year 2,"Welband, Truda","Welband, Shea",Shea.Welband@Roomm.com
409,Year 4,"Dragonette, Kelcey","Dragonette, Estrella",Estrella.Dragonette@Bubblebox.com
410,Year 4,"Hachard, Bridgette","Hachard, Caitrin",Caitrin.Hachard@Vitz.com
411,Year 3,"Brobeck, Joy","Brobeck, Fredelia",Fredelia.Brobeck@Twinte.com
412,Year 3,"Yuille, Kimbra","Yuille, Shurlocke",Shurlocke.Yuille@Brightbean.com
413,Year 2,"Dunckley, Harold","Dunckley, Bartel",Bartel.Dunckley@Tagopia.com
414,Year 4,"Edgar, Tabbie","Edgar, Amye",Amye.Edgar@Dabtype.com
415,Year 4,"Capinetti, Nataniel","Capinetti, Esme",Esme.Capinetti@Feedfire.com
416,Year 4,"Lindro, Aldus","Lindro, Foster",Foster.Lindro@Babbleopia.com
417,Year 2,"Bottle, Shaylah","Bottle, Lacy",Lacy.Bottle@Youspan.com
418,Year 2,"Maxweell, Pammie","Maxweell, Analiese",Analiese.Maxweell@Browsedrive.com
419,Year 4,"Ebourne, Ericka","Ebourne, Cindee",Cindee.Ebourne@Yadel.com
420,Year 3,"Macci, Trstram","Macci, Fabien",Fabien.Macci@Photospace.com
421,Year 4,"Jonk, Malory","Jonk, Irina",Irina.Jonk@Dabtype.com
422,Year 4,"Reubens, Jammal","Reubens, Wesley",Wesley.Reubens@Gabtype.com
423,Year 4,"Wither, Ramsay","Wither, Meredith",Meredith.Wither@Geba.com
424,Year 3,"Dies, Yoshiko","Dies, Roseanne",Roseanne.Dies@Flashset.com
425,Year 4,"Rawes, Nicky","Rawes, Sibylla",Sibylla.Rawes@Jatri.com
426,Year 4,"Upson, Bourke","Upson, Nathanael",Nathanael.Upson@Skyba.com
427,Year 3,"Barkaway, Bernetta","Barkaway, Karlotta",Karlotta.Barkaway@Vitz.com
428,Year 2,"Marthen, Cynthie","Marthen, Tracy",Tracy.Marthen@Aimbo.com
429,Year 3,"Meakin, Patricio","Meakin, Ashley",Ashley.Meakin@Oozz.com
430,Year 4,"World, Ivonne","World, Kit",Kit.World@Skiba.com
431,Year 4,"McJury, Joey","McJury, Sibeal",Sibeal.McJury@Skyble.com
432,Year 2,"Alabone, Tammie","Alabone, Alasdair",Alasdair.Alabone@Trunyx.com
433,Year 3,"Laba, Emmie","Laba, Sterne",Sterne.Laba@Skidoo.com
434,Year 3,"Upwood, Blinny","Upwood, Kirby",Kirby.Upwood@Eidel.com
435,Year 4,"Budd, Carmine","Budd, Cobbie",Cobbie.Budd@Wikizz.com
436,Year 1,"Capron, Walker","Capron, Judi",Judi.Capron@Devpulse.com
437,Year 2,"Tomaszewicz, Hollyanne","Tomaszewicz, Enrica",Enrica.Tomaszewicz@Kazu.com
438,Year 3,"Kordova, Johna","Kordova, Alleen",Alleen.Kordova@Voomm.com
439,Year 3,"Craze, Brit","Craze, Maria",Maria.Craze@Jayo.com
440,Year 3,"Swaysland, Babs","Swaysland, Myrta",Myrta.Swaysland@Oyoyo.com
441,Year 1,"Proppers, Ronica","Proppers, Drugi",Drugi.Proppers@Centimia.com
442,Year 3,"Corsor, Sasha","Corsor, Jasmin",Jasmin.Corsor@Dabtype.com
443,Year 1,"Husset, Grethel","Husset, Rudolf",Rudolf.Husset@Fanoodle.com
444,Year 1,"Ucceli, Lotta","Ucceli, Reeba",Reeba.Ucceli@Oyoyo.com
445,Year 3,"Bonehill, Gerrie","Bonehill, Leandra",Leandra.Bonehill@Twitterlist.com
446,Year 1,"Ezzle, Buckie","Ezzle, Minette",Minette.Ezzle@Kanoodle.com
447,Year 4,"Columbine, Kizzie","Columbine, Rolph",Rolph.Columbine@Realblab.com
448,Year 3,"Cobbing, Bobbie","Cobbing, Sofia",Sofia.Cobbing@Mycat.com
449,Year 2,"Traite, Dasha","Traite, Nicola",Nicola.Traite@Linktype.com
450,Year 1,"Dressell, Janetta","Dressell, Rob",Rob.Dressell@Blogpad.com
451,Year 4,"Barnfield, Randall","Barnfield, Alysia",Alysia.Barnfield@Agimba.com
452,Year 3,"Mullin, Vonni","Mullin, Van",Van.Mullin@Browsebug.com
453,Year 4,"Watting, Reg","Watting, Jodie",Jodie.Watting@Mycat.com
454,Year 4,"Monks, Stanley","Monks, Goober",Goober.Monks@Skyvu.com
455,Year 3,"Oolahan, Cori","Oolahan, Darrelle",Darrelle.Oolahan@Twitterlist.com
456,Year 1,"Cater, Killian","Cater, Daven",Daven.Cater@Dabjam.com
457,Year 4,"Grundy, Angil","Grundy, Fernandina",Fernandina.Grundy@Bubblemix.com
458,Year 3,"Coltan, Winston","Coltan, Joye",Joye.Coltan@Jabberstorm.com
459,Year 2,"Killshaw, Elianora","Killshaw, Celia",Celia.Killshaw@Oloo.com
460,Year 4,"Yakutin, Elsa","Yakutin, Antonie",Antonie.Yakutin@Jatri.com
461,Year 4,"Maine, Melodie","Maine, Kurtis",Kurtis.Maine@Agimba.com
462,Year 3,"Hollyman, Gena","Hollyman, Pauly",Pauly.Hollyman@Kimia.com
463,Year 1,"Beetles, Vallie","Beetles, Gael",Gael.Beetles@Bluejam.com
464,Year 1,"Lindenman, Jada","Lindenman, Barrett",Barrett.Lindenman@Cogidoo.com
465,Year 2,"Augur, Consolata","Augur, Carlo",Carlo.Augur@Buzzshare.com
466,Year 3,"Farnish, Gail","Farnish, Bax",Bax.Farnish@Zooveo.com
467,Year 3,"Chard, Jdavie","Chard, Dina",Dina.Chard@Trunyx.com
468,Year 2,"Drakeley, Hartwell","Drakeley, Weston",Weston.Drakeley@Wikivu.com
469,Year 3,"Lowther, Tanitansy","Lowther, Dolf",Dolf.Lowther@Jabbercube.com
470,Year 4,"Himsworth, Cherie","Himsworth, Fanny",Fanny.Himsworth@Skajo.com
471,Year 1,"Weadick, Pail","Weadick, Lyle",Lyle.Weadick@Zooveo.com
472,Year 4,"Bridgen, Ivy","Bridgen, Moina",Moina.Bridgen@Photojam.com
473,Year 1,"Lowdiane, Porty","Lowdiane, Freddi",Freddi.Lowdiane@Yotz.com
474,Year 2,"Shawel, Emylee","Shawel, Gerti",Gerti.Shawel@Leenti.com
475,Year 2,"MacKellen, Hayward","MacKellen, Reta",Reta.MacKellen@Oyoyo.com
476,Year 3,"Mabee, Charita","Mabee, Donaugh",Donaugh.Mabee@Fivebridge.com
477,Year 4,"Huyghe, Lelah","Huyghe, Estel",Estel.Huyghe@Vinte.com
478,Year 3,"Balsdon, Audre","Balsdon, Tore",Tore.Balsdon@Quimm.com
479,Year 3,"Carillo, Melesa","Carillo, Ferdy",Ferdy.Carillo@Thoughtblab.com
480,Year 4,"Nertney, Penny","Nertney, Flynn",Flynn.Nertney@Jayo.com
481,Year 1,"Soppett, Devan","Soppett, Ailyn",Ailyn.Soppett@Avavee.com
482,Year 3,"Plume, Philippe","Plume, Theresa",Theresa.Plume@Photojam.com
483,Year 2,"Zamboniari, Hunt","Zamboniari, Gradeigh",Gradeigh.Zamboniari@Thoughtstorm.com
484,Year 2,"O'Lunny, Ralina","O'Lunny, Carine",Carine.O'Lunny@Camimbo.com
485,Year 4,"Doig, Marianne","Doig, Theresina",Theresina.Doig@Cogibox.com
486,Year 4,"Loveredge, Hildegaard","Loveredge, Marysa",Marysa.Loveredge@Jaxbean.com
487,Year 4,"Ingray, Renee","Ingray, Chicky",Chicky.Ingray@Rhycero.com
488,Year 1,"Baddiley, Stevana","Baddiley, Riane",Riane.Baddiley@Meevee.com
489,Year 4,"Punshon, Rafaelita","Punshon, Bernard",Bernard.Punshon@Browseblab.com
490,Year 4,"Harnetty, Dacie","Harnetty, Leicester",Leicester.Harnetty@Edgeify.com
491,Year 1,"Linch, Davidde","Linch, Michal",Michal.Linch@Oyoloo.com
492,Year 2,"Parham, Helsa","Parham, Emyle",Emyle.Parham@Tambee.com
493,Year 3,"Pickervance, Gustave","Pickervance, Cordey",Cordey.Pickervance@Realbridge.com
494,Year 4,"Quilleash, Stearn","Quilleash, Sancho",Sancho.Quilleash@Meevee.com
495,Year 3,"Pakes, Bernhard","Pakes, Eula",Eula.Pakes@Thoughtstorm.com
496,Year 4,"Nudde, Zebadiah","Nudde, Linnet",Linnet.Nudde@Tagchat.com
497,Year 2,"Bickell, Edgardo","Bickell, Elyse",Elyse.Bickell@Oozz.com
498,Year 4,"Biddiss, Alane","Biddiss, Isadora",Isadora.Biddiss@Dynabox.com
499,Year 1,"Hinckesman, Marylynne","Hinckesman, Garvy",Garvy.Hinckesman@Shuffledrive.com
500,Year 3,"Hann, Leslie","Hann, Quinn",Quinn.Hann@Meembee.com
501,Year 4,"Degue, Johna","Degue, Ellis",Ellis.Degue@Oodoo.com
502,Year 2,"Paladino, Leupold","Paladino, Kristi",Kristi.Paladino@Skaboo.com
503,Year 4,"Purrier, Adham","Purrier, Ody",Ody.Purrier@Wordware.com
504,Year 3,"Trippitt, Adlai","Trippitt, Genevra",Genevra.Trippitt@Brightdog.com
505,Year 2,"Paolazzi, Anthony","Paolazzi, Shea",Shea.Paolazzi@Brainverse.com
506,Year 1,"Daysh, Muhammad","Daysh, Son",Son.Daysh@Oyoba.com
507,Year 1,"Dudson, Reyna","Dudson, Matthew",Matthew.Dudson@Jetwire.com
508,Year 2,"Elsay, Olivia","Elsay, Lazare",Lazare.Elsay@Twitterbeat.com
509,Year 3,"Greensitt, Rica","Greensitt, Terrel",Terrel.Greensitt@Gigazoom.com
510,Year 3,"Wattam, Puff","Wattam, Valida",Valida.Wattam@Quinu.com
511,Year 2,"Biasetti, Claudina","Biasetti, Ange",Ange.Biasetti@Twitterbeat.com
512,Year 1,"Sibary, Terrance","Sibary, Vincenz",Vincenz.Sibary@Shuffledrive.com
513,Year 1,"Skey, Celinka","Skey, Bobby",Bobby.Skey@Thoughtblab.com
514,Year 1,"Bartlett, Dew","Bartlett, Cynthie",Cynthie.Bartlett@Fanoodle.com
515,Year 1,"Dallison, Gaye","Dallison, Desiree",Desiree.Dallison@Cogidoo.com
516,Year 3,"Lillow, Terry","Lillow, Jonis",Jonis.Lillow@Oloo.com
517,Year 1,"Vice, Shel","Vice, Andrej",Andrej.Vice@Podcat.com
518,Year 4,"Greet, Drucy","Greet, Richy",Richy.Greet@Zoomlounge.com
519,Year 3,"Sessuns, Ingelbert","Sessuns, Luca",Luca.Sessuns@Trilith.com
520,Year 3,"Lillee, Zak","Lillee, Giavani",Giavani.Lillee@Browsezoom.com
521,Year 1,"Davidow, Mirilla","Davidow, Woodrow",Woodrow.Davidow@Eayo.com
522,Year 4,"Crauford, Buiron","Crauford, Cozmo",Cozmo.Crauford@Voolith.com
523,Year 1,"Oke, Gizela","Oke, Bethanne",Bethanne.Oke@Quinu.com
524,Year 1,"Glowacz, Candace","Glowacz, Emera",Emera.Glowacz@Meevee.com
525,Year 2,"Center, Rockey","Center, Serge",Serge.Center@Yoveo.com
526,Year 4,"Bessey, Lannie","Bessey, Gwenny",Gwenny.Bessey@Browsecat.com
527,Year 3,"Edling, Blanche","Edling, Dore",Dore.Edling@Yozio.com
528,Year 1,"Crimpe, Yevette","Crimpe, Sophronia",Sophronia.Crimpe@Dazzlesphere.com
529,Year 4,"Brody, Kimmy","Brody, Nikolaus",Nikolaus.Brody@Meembee.com
530,Year 2,"Gosby, Burnaby","Gosby, Thebault",Thebault.Gosby@Wikizz.com
531,Year 3,"Swainston, Bearnard","Swainston, Bellanca",Bellanca.Swainston@Photolist.com
532,Year 2,"Torrans, Chrissie","Torrans, Bennie",Bennie.Torrans@Youspan.com
533,Year 1,"Bailey, Marc","Bailey, Rosanna",Rosanna.Bailey@Voomm.com
534,Year 1,"Pudner, Merl","Pudner, Charlot",Charlot.Pudner@Tambee.com
535,Year 3,"Noddings, Ivar","Noddings, Dex",Dex.Noddings@Oyoba.com
536,Year 4,"Dewicke, Maryjo","Dewicke, Henrieta",Henrieta.Dewicke@Youspan.com
537,Year 4,"Lambrecht, Kippar","Lambrecht, Catlee",Catlee.Lambrecht@Latz.com
538,Year 1,"Selwyne, Donielle","Selwyne, Benjie",Benjie.Selwyne@Livepath.com
539,Year 2,"Escreet, Kerstin","Escreet, Ailyn",Ailyn.Escreet@Innotype.com
540,Year 1,"Woolnough, Theresina","Woolnough, Darrelle",Darrelle.Woolnough@Bluejam.com
541,Year 1,"Antuk, Marie","Antuk, Arlyn",Arlyn.Antuk@Zoomlounge.com
542,Year 4,"Borrows, Dolorita","Borrows, Abraham",Abraham.Borrows@Blogtags.com
543,Year 1,"Seivertsen, Cass","Seivertsen, Benoite",Benoite.Seivertsen@Livefish.com
544,Year 4,"Goncalo, Trumaine","Goncalo, Merill",Merill.Goncalo@Dazzlesphere.com
545,Year 1,"Mersh, Frank","Mersh, Adrianna",Adrianna.Mersh@Jetpulse.com
546,Year 4,"Treend, Magdalene","Treend, Ninette",Ninette.Treend@Rhybox.com
547,Year 1,"Arnaez, Blanca","Arnaez, Emilie",Emilie.Arnaez@Meemm.com
548,Year 4,"Saben, Shirline","Saben, Cristionna",Cristionna.Saben@Twimm.com
549,Year 2,"Fernie, Grace","Fernie, Zorah",Zorah.Fernie@Topiczoom.com
550,Year 3,"Ryam, Theda","Ryam, Hailey",Hailey.Ryam@Lazzy.com
551,Year 1,"Sebyer, Ginny","Sebyer, Pierre",Pierre.Sebyer@Zooveo.com
552,Year 1,"Worsall, Jesse","Worsall, Sena",Sena.Worsall@Edgeclub.com
553,Year 3,"Ferrarotti, Sammy","Ferrarotti, My",My.Ferrarotti@Voolia.com
554,Year 3,"Ianittello, Alta","Ianittello, Lavinia",Lavinia.Ianittello@DabZ.com
555,Year 3,"Sleit, Joye","Sleit, Danni",Danni.Sleit@Camimbo.com
556,Year 1,"Cullity, Hanny","Cullity, Kristopher",Kristopher.Cullity@Yata.com
557,Year 4,"Brandi, Fair","Brandi, Luise",Luise.Brandi@Avamm.com
558,Year 1,"Crowest, Derry","Crowest, Ludvig",Ludvig.Crowest@Flashdog.com
559,Year 3,"Tukesby, Sasha","Tukesby, Randi",Randi.Tukesby@Yotz.com
560,Year 4,"De Blasio, Jeffry","De Blasio, Mohammed",Mohammed.De Blasio@Youspan.com
561,Year 3,"Blurton, Mildrid","Blurton, Inesita",Inesita.Blurton@Zoomlounge.com
562,Year 3,"Staker, Benedetto","Staker, Codee",Codee.Staker@Fliptune.com
563,Year 1,"Cranch, Yalonda","Cranch, Mandie",Mandie.Cranch@Eidel.com
564,Year 1,"Dorrity, Andeee","Dorrity, Maryrose",Maryrose.Dorrity@Avamm.com
565,Year 3,"Cosslett, Aron","Cosslett, Nollie",Nollie.Cosslett@Fliptune.com
566,Year 4,"Ivanchikov, Agretha","Ivanchikov, Coralie",Coralie.Ivanchikov@Thoughtstorm.com
567,Year 2,"Tondeur, Desirae","Tondeur, Odille",Odille.Tondeur@Wordtune.com
568,Year 2,"Moorton, De witt","Moorton, Dewie",Dewie.Moorton@Riffpath.com
569,Year 3,"Ehlerding, Etti","Ehlerding, Nicholle",Nicholle.Ehlerding@Yata.com
570,Year 1,"Rhead, Stavros","Rhead, Mano",Mano.Rhead@Abatz.com
571,Year 1,"Took, Ansley","Took, Louisette",Louisette.Took@Flipbug.com
572,Year 2,"Janjic, Langston","Janjic, Shea",Shea.Janjic@Thoughtworks.com
573,Year 4,"Jinkins, Yasmin","Jinkins, Aloin",Aloin.Jinkins@Photofeed.com
574,Year 4,"Lassells, Corry","Lassells, Gwyn",Gwyn.Lassells@Shufflester.com
575,Year 4,"Shieldon, Kareem","Shieldon, Arleen",Arleen.Shieldon@Browsecat.com
576,Year 2,"Troyes, Blair","Troyes, Farrell",Farrell.Troyes@Eayo.com
577,Year 2,"Briscam, Ivy","Briscam, Clemmy",Clemmy.Briscam@Oyondu.com
578,Year 3,"Keyte, Billie","Keyte, Ed",Ed.Keyte@Mycat.com
579,Year 4,"Lissimore, Rhodie","Lissimore, Costa",Costa.Lissimore@Eidel.com
580,Year 3,"Clausen-Thue, Jeannie","Clausen-Thue, Lowell",Lowell.Clausen-Thue@Innotype.com
581,Year 2,"Stivey, Lonnard","Stivey, Obie",Obie.Stivey@Trupe.com
582,Year 3,"Batcock, Jany","Batcock, Germain",Germain.Batcock@Zoomdog.com
583,Year 3,"Aslett, Demetris","Aslett, Gladi",Gladi.Aslett@Yakitri.com
584,Year 3,"Elcombe, Tammy","Elcombe, Michelina",Michelina.Elcombe@Tagtune.com
585,Year 3,"O'Gaven, Eddy","O'Gaven, Hector",Hector.O'Gaven@Bubblemix.com
586,Year 2,"Martine, Stacee","Martine, Janetta",Janetta.Martine@Rhybox.com
587,Year 3,"Aughtie, Vivyanne","Aughtie, Husein",Husein.Aughtie@Photolist.com
588,Year 3,"Tollfree, Flinn","Tollfree, Barbaraanne",Barbaraanne.Tollfree@Twinder.com
589,Year 4,"Verna, Indira","Verna, Moshe",Moshe.Verna@Skimia.com
590,Year 3,"Hannam, Maximilianus","Hannam, Matthaeus",Matthaeus.Hannam@Einti.com
591,Year 2,"Pioch, Galvan","Pioch, Malena",Malena.Pioch@Kwilith.com
592,Year 1,"Sentance, Margi","Sentance, Fancy",Fancy.Sentance@Devbug.com
593,Year 2,"Thornebarrow, Ches","Thornebarrow, Moritz",Moritz.Thornebarrow@Oodoo.com
594,Year 1,"Myott, Evelin","Myott, Staci",Staci.Myott@Brainverse.com
595,Year 1,"Piegrome, Emmalyn","Piegrome, Sande",Sande.Piegrome@Ntag.com
596,Year 3,"Wallman, Lindy","Wallman, Jourdain",Jourdain.Wallman@Ooba.com
597,Year 4,"Feavers, Kori","Feavers, Pinchas",Pinchas.Feavers@Devpoint.com
598,Year 2,"Dowdell, Gussy","Dowdell, Danella",Danella.Dowdell@Gabspot.com
599,Year 1,"Tutsell, Merci","Tutsell, Whit",Whit.Tutsell@Kamba.com
600,Year 4,"Sherer, Kameko","Sherer, Hill",Hill.Sherer@Livetube.com
601,Year 4,"Barwis, Amye","Barwis, Drucill",Drucill.Barwis@Fivespan.com
602,Year 1,"McRamsey, Louisa","McRamsey, Ingamar",Ingamar.McRamsey@Agivu.com
603,Year 1,"Peggram, Aveline","Peggram, Miles",Miles.Peggram@Twitterwire.com
604,Year 2,"MacDonagh, Valerie","MacDonagh, Blanche",Blanche.MacDonagh@Camido.com
605,Year 4,"Paolicchi, Ileana","Paolicchi, Silas",Silas.Paolicchi@Kamba.com
606,Year 2,"McDonnell, Warden","McDonnell, Ronnie",Ronnie.McDonnell@Topicblab.com
607,Year 4,"Hargrove, Cristi","Hargrove, Johannah",Johannah.Hargrove@Mymm.com
608,Year 4,"Fullwood, Warde","Fullwood, Tabina",Tabina.Fullwood@Photobean.com
609,Year 3,"Parman, Tristan","Parman, Emylee",Emylee.Parman@Dabjam.com
610,Year 4,"Turfin, Patience","Turfin, Phillip",Phillip.Turfin@Meetz.com
611,Year 2,"Bradburn, Melva","Bradburn, Eva",Eva.Bradburn@Browsezoom.com
612,Year 1,"Kingaby, Robinett","Kingaby, Emmy",Emmy.Kingaby@Browseblab.com
613,Year 4,"Portch, Jennee","Portch, Marcelline",Marcelline.Portch@Jabbersphere.com
614,Year 1,"Murrison, Tomi","Murrison, Roderich",Roderich.Murrison@Twitterbeat.com
615,Year 4,"Phillps, Freddi","Phillps, Ralina",Ralina.Phillps@Eidel.com
616,Year 1,"Rawne, Hagan","Rawne, Melodie",Melodie.Rawne@Skimia.com
617,Year 4,"Peart, Frieda","Peart, Ingeborg",Ingeborg.Peart@Kwimbee.com
618,Year 2,"Crean, Lucien","Crean, Yance",Yance.Crean@Chatterbridge.com
619,Year 3,"Vezey, Gilemette","Vezey, Merissa",Merissa.Vezey@JumpXS.com
620,Year 3,"Amburgy, Janith","Amburgy, Rozanne",Rozanne.Amburgy@Agivu.com
621,Year 1,"Oleksinski, Cross","Oleksinski, Cirstoforo",Cirstoforo.Oleksinski@Skyble.com
622,Year 4,"Davage, Krystle","Davage, Francklin",Francklin.Davage@Thoughtstorm.com
623,Year 2,"Oulet, Doria","Oulet, Sigfrid",Sigfrid.Oulet@Yata.com
624,Year 1,"Cleave, Normie","Cleave, Darcy",Darcy.Cleave@Lajo.com
625,Year 2,"Tomet, Waly","Tomet, Augustine",Augustine.Tomet@Gabtune.com
626,Year 4,"Gores, Wadsworth","Gores, Neille",Neille.Gores@Mybuzz.com
627,Year 4,"Liebermann, Kyrstin","Liebermann, Terence",Terence.Liebermann@Voomm.com
628,Year 4,"Baudin, Deni","Baudin, Merci",Merci.Baudin@Skippad.com
629,Year 1,"Kubicki, Ceciley","Kubicki, Harlen",Harlen.Kubicki@Topiclounge.com
630,Year 3,"Siley, Jordanna","Siley, Kerr",Kerr.Siley@Voolia.com
631,Year 3,"Whiteley, Bobbette","Whiteley, Clayson",Clayson.Whiteley@Skyba.com
632,Year 3,"Addekin, Peyton","Addekin, Carine",Carine.Addekin@Yoveo.com
633,Year 4,"Barajaz, Lief","Barajaz, See",See.Barajaz@Agivu.com
634,Year 3,"Tawn, Esmaria","Tawn, Joya",Joya.Tawn@Kayveo.com
635,Year 3,"Guiso, Suzanne","Guiso, Una",Una.Guiso@Kare.com
636,Year 3,"Lavelle, Korella","Lavelle, Hollis",Hollis.Lavelle@Fivebridge.com
637,Year 3,"Heminsley, Harold","Heminsley, Moss",Moss.Heminsley@Dabjam.com
638,Year 2,"Vaneev, Minnaminnie","Vaneev, Barn",Barn.Vaneev@Demivee.com
639,Year 2,"Elvy, Amitie","Elvy, Marcelle",Marcelle.Elvy@Vinte.com
640,Year 2,"Madill, Markus","Madill, Raeann",Raeann.Madill@Flipbug.com
641,Year 3,"Phear, Carmon","Phear, Anjanette",Anjanette.Phear@Bubblebox.com
642,Year 1,"Eldered, Freddie","Eldered, Carolan",Carolan.Eldered@Meejo.com
643,Year 3,"Payton, Vallie","Payton, Zsazsa",Zsazsa.Payton@Tagpad.com
644,Year 1,"Shelp, Rafaello","Shelp, Florencia",Florencia.Shelp@Skinder.com
645,Year 4,"Dupree, Elana","Dupree, Sher",Sher.Dupree@Podcat.com
646,Year 3,"Reder, Davita","Reder, Lelah",Lelah.Reder@Trunyx.com
647,Year 4,"Anstie, Zedekiah","Anstie, Zedekiah",Zedekiah.Anstie@Divanoodle.com
648,Year 4,"Margaritelli, Cassie","Margaritelli, Hube",Hube.Margaritelli@Zoozzy.com
649,Year 1,"Blacklock, Sinclair","Blacklock, Annie",Annie.Blacklock@Tagopia.com
650,Year 3,"Nise, Farrell","Nise, Karel",Karel.Nise@Quaxo.com
651,Year 1,"Richings, Georgena","Richings, Jacob",Jacob.Richings@Trudoo.com
652,Year 3,"Buie, Kahlil","Buie, Waneta",Waneta.Buie@Shuffletag.com
653,Year 4,"Beckenham, Drusi","Beckenham, Adriana",Adriana.Beckenham@Kimia.com
654,Year 4,"Andresen, Bogey","Andresen, Alec",Alec.Andresen@Babbleopia.com
655,Year 1,"Dreossi, Jobi","Dreossi, Rowland",Rowland.Dreossi@Rooxo.com
656,Year 4,"Holston, Isacco","Holston, Shaylah",Shaylah.Holston@Rhynoodle.com
657,Year 1,"Somerbell, Andris","Somerbell, Madelyn",Madelyn.Somerbell@Oyope.com
658,Year 1,"Kelshaw, Casey","Kelshaw, Lacee",Lacee.Kelshaw@Meedoo.com
659,Year 4,"Lorryman, Dru","Lorryman, Lucho",Lucho.Lorryman@Avamba.com
660,Year 2,"Duigan, Gothart","Duigan, Tanner",Tanner.Duigan@Oodoo.com
661,Year 2,"Aggas, Jarred","Aggas, Imogene",Imogene.Aggas@Buzzshare.com
662,Year 3,"Matyja, Emili","Matyja, Zared",Zared.Matyja@Meevee.com
663,Year 4,"Jilkes, Sherilyn","Jilkes, Hettie",Hettie.Jilkes@Fiveclub.com
664,Year 1,"Scoyne, Jacklin","Scoyne, Florrie",Florrie.Scoyne@Feedspan.com
665,Year 3,"Bannell, Kip","Bannell, Phoebe",Phoebe.Bannell@Agivu.com
666,Year 1,"Pavitt, Miles","Pavitt, Rudiger",Rudiger.Pavitt@Eidel.com
667,Year 2,"Abbot, Hedvig","Abbot, Waneta",Waneta.Abbot@Edgepulse.com
668,Year 1,"Fibbens, Melisa","Fibbens, Earlie",Earlie.Fibbens@Meejo.com
669,Year 1,"Ebbrell, Jecho","Ebbrell, Indira",Indira.Ebbrell@Devpulse.com
670,Year 2,"Traves, Barris","Traves, Ernesta",Ernesta.Traves@Meejo.com
671,Year 4,"Kencott, Norrie","Kencott, Adler",Adler.Kencott@Zava.com
672,Year 3,"Gummow, Randell","Gummow, Diane-marie",Diane-marie.Gummow@Yombu.com
673,Year 1,"Scrivener, Robby","Scrivener, Nealon",Nealon.Scrivener@Avamm.com
674,Year 3,"Blanchard, Gonzales","Blanchard, Winfield",Winfield.Blanchard@Browsezoom.com
675,Year 4,"Gath, Marcela","Gath, Zoe",Zoe.Gath@Devcast.com
676,Year 3,"Laytham, Meryl","Laytham, Major",Major.Laytham@Yodel.com
677,Year 1,"Gelderd, Jacinda","Gelderd, Celeste",Celeste.Gelderd@Shufflebeat.com
678,Year 1,"Fortie, Ilyssa","Fortie, Ervin",Ervin.Fortie@Jaxbean.com
679,Year 3,"Casini, Pascale","Casini, Aurlie",Aurlie.Casini@Riffwire.com
680,Year 3,"Maulden, Katlin","Maulden, Whitman",Whitman.Maulden@Tambee.com
681,Year 3,"Caughey, Perkin","Caughey, Heidie",Heidie.Caughey@Mymm.com
682,Year 4,"Banton, Leopold","Banton, Mercedes",Mercedes.Banton@Skynoodle.com
683,Year 3,"Cumberpatch, Brittaney","Cumberpatch, Melicent",Melicent.Cumberpatch@Quimm.com
684,Year 1,"Lidierth, Glynda","Lidierth, Jannelle",Jannelle.Lidierth@Skyvu.com
685,Year 4,"Gallon, Lukas","Gallon, Pammy",Pammy.Gallon@Youfeed.com
686,Year 2,"Bedminster, Massimo","Bedminster, Debee",Debee.Bedminster@Abatz.com
687,Year 4,"Betonia, Franciska","Betonia, Nathalia",Nathalia.Betonia@Fadeo.com
688,Year 4,"Ducastel, Kathrine","Ducastel, Jsandye",Jsandye.Ducastel@Skinte.com
689,Year 3,"Mannakee, Jaymee","Mannakee, Sylvan",Sylvan.Mannakee@Centimia.com
690,Year 1,"Riccardini, Cam","Riccardini, Josie",Josie.Riccardini@Tagopia.com
691,Year 2,"Cossor, Jamima","Cossor, Sonnie",Sonnie.Cossor@Topicware.com
692,Year 4,"Braybrook, Red","Braybrook, Roxi",Roxi.Braybrook@Riffpedia.com
693,Year 3,"Wahlberg, Agnese","Wahlberg, Ulric",Ulric.Wahlberg@Yakijo.com
694,Year 1,"Simmers, Erasmus","Simmers, Tamra",Tamra.Simmers@Agimba.com
695,Year 1,"Berni, Amye","Berni, Karyn",Karyn.Berni@Realbridge.com
696,Year 2,"Perring, Korney","Perring, Orlando",Orlando.Perring@Skyba.com
697,Year 1,"Yepiskov, Tiphany","Yepiskov, Liane",Liane.Yepiskov@Photospace.com
698,Year 3,"Kocher, Jeannette","Kocher, Adara",Adara.Kocher@Realpoint.com
699,Year 2,"Tremontana, Brig","Tremontana, Gerrard",Gerrard.Tremontana@Dablist.com
700,Year 3,"Birkenshaw, Hiram","Birkenshaw, Erick",Erick.Birkenshaw@Dabjam.com
701,Year 4,"Gabbatiss, Louis","Gabbatiss, Laetitia",Laetitia.Gabbatiss@Dazzlesphere.com
702,Year 4,"Gillon, Christoforo","Gillon, Jerri",Jerri.Gillon@Topicblab.com
703,Year 1,"Daughton, Tatum","Daughton, Leena",Leena.Daughton@Quimba.com
704,Year 3,"Wones, Amberly","Wones, Jamal",Jamal.Wones@Linkbridge.com
705,Year 3,"Richardeau, Suzanna","Richardeau, Natty",Natty.Richardeau@Realblab.com
706,Year 4,"Heed, Jamima","Heed, Verne",Verne.Heed@Blognation.com
707,Year 3,"Helks, Sandy","Helks, Sonia",Sonia.Helks@Jayo.com
708,Year 3,"Dowdell, Gabbi","Dowdell, Eloise",Eloise.Dowdell@Katz.com
709,Year 2,"Trimmell, Faustine","Trimmell, Jacquelin",Jacquelin.Trimmell@Meejo.com
710,Year 1,"McBoyle, Keelia","McBoyle, Beatrisa",Beatrisa.McBoyle@Twitterwire.com
711,Year 3,"Jaffrey, Wanids","Jaffrey, Pernell",Pernell.Jaffrey@Pixonyx.com
712,Year 1,"Donlon, Flint","Donlon, Ynes",Ynes.Donlon@Flashdog.com
713,Year 2,"Sprules, Emile","Sprules, Merry",Merry.Sprules@Jayo.com
714,Year 1,"Poure, Ferne","Poure, Nikita",Nikita.Poure@Jabberstorm.com
715,Year 1,"Haycox, Antoine","Haycox, Jemimah",Jemimah.Haycox@Omba.com
716,Year 2,"Tartt, Henka","Tartt, Hester",Hester.Tartt@Flipstorm.com
717,Year 3,"Eastlake, Glennis","Eastlake, Cherianne",Cherianne.Eastlake@Browsezoom.com
718,Year 2,"Denness, Norris","Denness, Staci",Staci.Denness@Aibox.com
719,Year 1,"Keford, Michele","Keford, Gretchen",Gretchen.Keford@Skyndu.com
720,Year 3,"Vinson, Chere","Vinson, Marcie",Marcie.Vinson@Meevee.com
721,Year 2,"Swynfen, Natalie","Swynfen, Abbe",Abbe.Swynfen@Topicstorm.com
722,Year 4,"Slaght, Zane","Slaght, Kyle",Kyle.Slaght@Jetwire.com
723,Year 2,"Nobriga, Penni","Nobriga, Helen-elizabeth",Helen-elizabeth.Nobriga@Avamba.com
724,Year 3,"Martina, Deb","Martina, Roxanne",Roxanne.Martina@Eazzy.com
725,Year 3,"McGonnell, Alix","McGonnell, Raina",Raina.McGonnell@Wikibox.com
726,Year 3,"Denniston, Poppy","Denniston, Marin",Marin.Denniston@Zazio.com
727,Year 3,"Behr, Dino","Behr, Harwilll",Harwilll.Behr@Talane.com
728,Year 1,"Paynton, Nikolai","Paynton, Kleon",Kleon.Paynton@BlogXS.com
729,Year 4,"Abella, Kalindi","Abella, Brina",Brina.Abella@Brainverse.com
730,Year 1,"Jedrzejczyk, Lina","Jedrzejczyk, Godard",Godard.Jedrzejczyk@Yakitri.com
731,Year 3,"Shellard, Darrick","Shellard, Leslie",Leslie.Shellard@Miboo.com
732,Year 4,"Brazur, Eunice","Brazur, Ambrosio",Ambrosio.Brazur@Vinder.com
733,Year 4,"Vasquez, Livvyy","Vasquez, Georgianne",Georgianne.Vasquez@Rhyzio.com
734,Year 4,"Figgen, Hyacintha","Figgen, Lynnett",Lynnett.Figgen@Jetpulse.com
735,Year 1,"Daniello, Reggis","Daniello, Raffarty",Raffarty.Daniello@Feedfire.com
736,Year 1,"Berrane, Braden","Berrane, Lizette",Lizette.Berrane@Quatz.com
737,Year 4,"Wyrall, Gil","Wyrall, Parrnell",Parrnell.Wyrall@Oyoba.com
738,Year 2,"Yurygyn, Emylee","Yurygyn, Murvyn",Murvyn.Yurygyn@Centizu.com
739,Year 2,"Colvill, Rori","Colvill, Chaddy",Chaddy.Colvill@Leenti.com
740,Year 1,"Ibbitson, Margot","Ibbitson, Rutherford",Rutherford.Ibbitson@Skipstorm.com
741,Year 3,"Greengrass, Brenden","Greengrass, Nesta",Nesta.Greengrass@Divape.com
742,Year 2,"Marte, Pepi","Marte, Ruperto",Ruperto.Marte@Zoombox.com
743,Year 2,"Veare, Lindi","Veare, Whitman",Whitman.Veare@Dabfeed.com
744,Year 1,"Slucock, Randi","Slucock, Elisha",Elisha.Slucock@Edgeclub.com
745,Year 2,"Guitton, Tate","Guitton, Penrod",Penrod.Guitton@Babbleopia.com
746,Year 2,"Queree, Farris","Queree, Stefanie",Stefanie.Queree@Zazio.com
747,Year 4,"Goulstone, Janina","Goulstone, Ema",Ema.Goulstone@Kwinu.com
748,Year 3,"McCuaig, Samara","McCuaig, Sheffy",Sheffy.McCuaig@Yamia.com
749,Year 2,"Sangwin, Austin","Sangwin, Jesse",Jesse.Sangwin@Zoomlounge.com
750,Year 4,"Langforth, Jasmina","Langforth, Sibilla",Sibilla.Langforth@Voolia.com
751,Year 2,"Geaney, Marve","Geaney, Sarita",Sarita.Geaney@Realmix.com
752,Year 4,"Drinkel, Alyda","Drinkel, Deva",Deva.Drinkel@Mita.com
753,Year 4,"McLean, Karry","McLean, Barn",Barn.McLean@Topiclounge.com
754,Year 1,"Beggan, Jorgan","Beggan, Chrissy",Chrissy.Beggan@Thoughtblab.com
755,Year 2,"Mathouse, Ned","Mathouse, Hubey",Hubey.Mathouse@Kayveo.com
756,Year 4,"Chumley, Harrietta","Chumley, Chicky",Chicky.Chumley@Mybuzz.com
757,Year 3,"Forestall, Florida","Forestall, Chevy",Chevy.Forestall@Fatz.com
758,Year 4,"Potteril, Dodie","Potteril, Wait",Wait.Potteril@Twitterbridge.com
759,Year 3,"Addeycott, Lacey","Addeycott, Janelle",Janelle.Addeycott@Jabbersphere.com
760,Year 4,"Cona, Yoshiko","Cona, Enoch",Enoch.Cona@Voomm.com
761,Year 2,"Readwood, Maggi","Readwood, Xylia",Xylia.Readwood@Divavu.com
762,Year 3,"Regglar, Davon","Regglar, Sella",Sella.Regglar@Aimbu.com
763,Year 1,"Dainty, Laird","Dainty, Lethia",Lethia.Dainty@Tekfly.com
764,Year 4,"Halfhyde, Melvin","Halfhyde, Clemmie",Clemmie.Halfhyde@Wordpedia.com
765,Year 1,"Dumingo, Emlen","Dumingo, Trip",Trip.Dumingo@Skyvu.com
766,Year 2,"Tarbett, Aliza","Tarbett, Lambert",Lambert.Tarbett@Twitterlist.com
767,Year 3,"Henrion, Rosalynd","Henrion, Jerrilyn",Jerrilyn.Henrion@Feedmix.com
768,Year 2,"Martyn, Agata","Martyn, Avrom",Avrom.Martyn@Thoughtbeat.com
769,Year 1,"Oswal, Basia","Oswal, Corry",Corry.Oswal@Meetz.com
770,Year 4,"Beggs, Trumaine","Beggs, Joscelin",Joscelin.Beggs@Yadel.com
771,Year 1,"MacCauley, Loreen","MacCauley, Pris",Pris.MacCauley@Mita.com
772,Year 3,"Zorzi, Lynea","Zorzi, Jennie",Jennie.Zorzi@Brainsphere.com
773,Year 3,"Bolstridge, Hans","Bolstridge, Gino",Gino.Bolstridge@Oloo.com
774,Year 3,"Roycroft, Irvine","Roycroft, Thomas",Thomas.Roycroft@Realbuzz.com
775,Year 2,"Valente, Thorstein","Valente, Cameron",Cameron.Valente@Thoughtbridge.com
776,Year 1,"Grovier, Rosemonde","Grovier, Selia",Selia.Grovier@Skynoodle.com
777,Year 1,"Elsey, Pepe","Elsey, Britni",Britni.Elsey@Skipfire.com
778,Year 1,"Jurzyk, Nick","Jurzyk, Tracy",Tracy.Jurzyk@Youtags.com
779,Year 2,"Joscelyne, Katharina","Joscelyne, Stafani",Stafani.Joscelyne@Linktype.com
780,Year 1,"Geipel, Skip","Geipel, Agnella",Agnella.Geipel@Flashpoint.com
781,Year 4,"Penrith, Parrnell","Penrith, Barb",Barb.Penrith@Gigaclub.com
782,Year 2,"Ferandez, Reggis","Ferandez, Janel",Janel.Ferandez@Thoughtblab.com
783,Year 2,"Bischof, Valentine","Bischof, Berkley",Berkley.Bischof@Oba.com
784,Year 3,"Townson, Adah","Townson, Flore",Flore.Townson@Teklist.com
785,Year 1,"Yosifov, Andy","Yosifov, Meade",Meade.Yosifov@Gabcube.com
786,Year 1,"Milham, Tracey","Milham, Helga",Helga.Milham@Latz.com
787,Year 2,"Meynell, Tammie","Meynell, Sloan",Sloan.Meynell@Dabtype.com
788,Year 2,"Tithecote, Haywood","Tithecote, Burk",Burk.Tithecote@Topicware.com
789,Year 3,"Gove, Caye","Gove, Yolande",Yolande.Gove@Bluezoom.com
790,Year 4,"Nutman, Armstrong","Nutman, Aldric",Aldric.Nutman@Meedoo.com
791,Year 2,"Bront, Mariska","Bront, Lou",Lou.Bront@Yakijo.com
792,Year 3,"Ivanin, Shina","Ivanin, Ber",Ber.Ivanin@Oozz.com
793,Year 3,"Bissiker, Vance","Bissiker, Zebulen",Zebulen.Bissiker@Izio.com
794,Year 1,"Tussaine, Ebenezer","Tussaine, Romonda",Romonda.Tussaine@Tekfly.com
795,Year 2,"Enriques, Findley","Enriques, Elisabet",Elisabet.Enriques@Rhybox.com
796,Year 2,"Belshaw, Rosamond","Belshaw, Irvin",Irvin.Belshaw@Feednation.com
797,Year 4,"Fieldgate, Barclay","Fieldgate, Jesse",Jesse.Fieldgate@Rhycero.com
798,Year 4,"O' Connell, Tammie","O' Connell, Florry",Florry.O' Connell@Thoughtbridge.com
799,Year 2,"Plunket, Jami","Plunket, Louis",Louis.Plunket@Wordtune.com
800,Year 1,"Spinetti, Stacee","Spinetti, Susan",Susan.Spinetti@Leexo.com
801,Year 3,"Segrave, Correna","Segrave, Gaspar",Gaspar.Segrave@Jamia.com
802,Year 4,"Hele, Gil","Hele, Odetta",Odetta.Hele@Kwilith.com
803,Year 2,"Doig, Isaiah","Doig, Stern",Stern.Doig@Abata.com
804,Year 2,"Quodling, Davidson","Quodling, Tannie",Tannie.Quodling@Snaptags.com
805,Year 2,"Swaby, Saul","Swaby, Eadith",Eadith.Swaby@Youbridge.com
806,Year 3,"Glassard, Melanie","Glassard, Belva",Belva.Glassard@Dynabox.com
807,Year 4,"Galland, Sharity","Galland, Pierson",Pierson.Galland@Dabshots.com
808,Year 2,"Lillgard, Antoine","Lillgard, Maurine",Maurine.Lillgard@Meevee.com
809,Year 4,"Wadesworth, Dorotea","Wadesworth, Mano",Mano.Wadesworth@Buzzshare.com
810,Year 1,"Ciani, Kimberlee","Ciani, Carin",Carin.Ciani@Vipe.com
811,Year 1,"Dorsey, Pauline","Dorsey, Erich",Erich.Dorsey@Wordtune.com
812,Year 1,"Forward, Bettina","Forward, Ingrim",Ingrim.Forward@Aibox.com
813,Year 4,"Ginnelly, Mike","Ginnelly, Colver",Colver.Ginnelly@Youfeed.com
814,Year 4,"Hatcliffe, Conroy","Hatcliffe, Torie",Torie.Hatcliffe@Yamia.com
815,Year 3,"Gavaghan, Cecil","Gavaghan, Fawne",Fawne.Gavaghan@Blogpad.com
816,Year 1,"Pattingson, Filippa","Pattingson, Petunia",Petunia.Pattingson@Zoomzone.com
817,Year 4,"Harford, Janene","Harford, Pembroke",Pembroke.Harford@Skyvu.com
818,Year 4,"Livings, Carri","Livings, Ewart",Ewart.Livings@Realcube.com
819,Year 2,"Kleinhandler, Mitzi","Kleinhandler, Sigrid",Sigrid.Kleinhandler@Feedfire.com
820,Year 3,"Matas, Shaine","Matas, Diarmid",Diarmid.Matas@Dabjam.com
821,Year 2,"Tutin, Fraze","Tutin, Cayla",Cayla.Tutin@Digitube.com
822,Year 1,"Mallett, Nola","Mallett, Caitrin",Caitrin.Mallett@Wikibox.com
823,Year 2,"Burford, Hardy","Burford, Audy",Audy.Burford@Meembee.com
824,Year 2,"Pedlingham, Sarine","Pedlingham, Linell",Linell.Pedlingham@Flipbug.com
825,Year 3,"Amyes, Bary","Amyes, Curcio",Curcio.Amyes@Zoombox.com
826,Year 2,"Sheerman, Berthe","Sheerman, Pinchas",Pinchas.Sheerman@Gabtype.com
827,Year 1,"Divina, Charisse","Divina, Drugi",Drugi.Divina@Babbleblab.com
828,Year 3,"Emms, Calla","Emms, Gabbie",Gabbie.Emms@Youspan.com
829,Year 1,"Breheny, West","Breheny, Delores",Delores.Breheny@Blogtags.com
830,Year 2,"Piner, Patsy","Piner, Bat",Bat.Piner@Linklinks.com
831,Year 4,"Janusz, Fairleigh","Janusz, Eleanor",Eleanor.Janusz@Skipfire.com
832,Year 3,"Lepere, Rodrick","Lepere, Fern",Fern.Lepere@Dabvine.com
833,Year 1,"Burkert, Kissie","Burkert, Candra",Candra.Burkert@Yodel.com
834,Year 1,"Joost, Alanson","Joost, Sherri",Sherri.Joost@Feedfish.com
835,Year 2,"Deares, Shelly","Deares, Ella",Ella.Deares@Voonder.com
836,Year 4,"Moseby, Angy","Moseby, Heloise",Heloise.Moseby@Skinte.com
837,Year 1,"Triggol, Corabel","Triggol, Madeline",Madeline.Triggol@Dazzlesphere.com
838,Year 4,"Kennan, Jose","Kennan, Frannie",Frannie.Kennan@Devify.com
839,Year 1,"Dey, Ferd","Dey, Gay",Gay.Dey@Buzzbean.com
840,Year 4,"Bumphrey, Katlin","Bumphrey, Sutton",Sutton.Bumphrey@Roomm.com
841,Year 2,"Gauld, Dana","Gauld, Raddie",Raddie.Gauld@Skivee.com
842,Year 4,"McReidy, Alys","McReidy, Adelheid",Adelheid.McReidy@Mudo.com
843,Year 3,"Kenwell, Maure","Kenwell, Kip",Kip.Kenwell@Thoughtbeat.com
844,Year 1,"Roark, Virgie","Roark, Alyosha",Alyosha.Roark@Oba.com
845,Year 1,"Biggerstaff, Jacklin","Biggerstaff, Onfroi",Onfroi.Biggerstaff@Miboo.com
846,Year 1,"Fautly, Wade","Fautly, Ahmad",Ahmad.Fautly@Yakidoo.com
847,Year 2,"Capewell, Loydie","Capewell, Patrizio",Patrizio.Capewell@Plajo.com
848,Year 2,"Sankey, Emmalynn","Sankey, Giraldo",Giraldo.Sankey@Meetz.com
849,Year 3,"Gerring, Shannon","Gerring, Ashbey",Ashbey.Gerring@Youfeed.com
850,Year 4,"Cornewall, Denna","Cornewall, Lona",Lona.Cornewall@Yozio.com
851,Year 2,"Barca, Meyer","Barca, Matty",Matty.Barca@Realpoint.com
852,Year 3,"Macklin, Goldia","Macklin, Sigmund",Sigmund.Macklin@Zoomcast.com
853,Year 3,"Dawbery, Curry","Dawbery, Ashlan",Ashlan.Dawbery@Avamm.com
854,Year 3,"Elderkin, Heidi","Elderkin, Wandie",Wandie.Elderkin@Dabtype.com
855,Year 4,"Derrett, Peggie","Derrett, Reade",Reade.Derrett@Quaxo.com
856,Year 1,"Hauck, Ingunna","Hauck, Frederik",Frederik.Hauck@Mybuzz.com
857,Year 4,"Gosson, Emmott","Gosson, Sheela",Sheela.Gosson@Flashdog.com
858,Year 1,"O'Currine, Guinna","O'Currine, Colette",Colette.O'Currine@Lajo.com
859,Year 4,"Causier, Haleigh","Causier, Rory",Rory.Causier@Yotz.com
860,Year 1,"Hovenden, Karel","Hovenden, Nial",Nial.Hovenden@Realbridge.com
861,Year 1,"Heathcott, Ragnar","Heathcott, Morganica",Morganica.Heathcott@Vimbo.com
862,Year 2,"Gleder, Axe","Gleder, Lauritz",Lauritz.Gleder@Twinder.com
863,Year 4,"Frane, Poul","Frane, Harrison",Harrison.Frane@Vinte.com
864,Year 4,"Pelerin, Jerry","Pelerin, Cortney",Cortney.Pelerin@Meemm.com
865,Year 2,"Littledike, Gayler","Littledike, Mellicent",Mellicent.Littledike@Meedoo.com
866,Year 1,"Chilvers, Bartlett","Chilvers, Dame",Dame.Chilvers@Buzzster.com
867,Year 2,"Munnings, Harwell","Munnings, Ninette",Ninette.Munnings@Shufflester.com
868,Year 3,"Constantine, Russell","Constantine, Sib",Sib.Constantine@Abata.com
869,Year 1,"Ludlom, Zulema","Ludlom, Gray",Gray.Ludlom@Buzzdog.com
870,Year 1,"Wogdon, Dewain","Wogdon, Normy",Normy.Wogdon@Oodoo.com
871,Year 3,"Altamirano, Merrily","Altamirano, Benoite",Benoite.Altamirano@Einti.com
872,Year 3,"Rattrie, Bartholemy","Rattrie, Kylie",Kylie.Rattrie@Blognation.com
873,Year 4,"Heikkinen, Leroi","Heikkinen, Elmore",Elmore.Heikkinen@Quinu.com
874,Year 2,"Blakes, Kamila","Blakes, Rafaela",Rafaela.Blakes@Divape.com
875,Year 4,"Seedull, Vincent","Seedull, Ekaterina",Ekaterina.Seedull@Brainverse.com
876,Year 3,"La Torre, Remy","La Torre, Akim",Akim.La Torre@Twitterbridge.com
877,Year 1,"Lawty, Brig","Lawty, Bibi",Bibi.Lawty@Yozio.com
878,Year 2,"Darben, Kassie","Darben, Clem",Clem.Darben@Thoughtmix.com
879,Year 3,"Drees, Barnie","Drees, Roddie",Roddie.Drees@Photojam.com
880,Year 3,"Pezey, Leslie","Pezey, Graehme",Graehme.Pezey@Edgepulse.com
881,Year 2,"Gobel, Ted","Gobel, Mead",Mead.Gobel@Yotz.com
882,Year 2,"Pagen, Noach","Pagen, Chalmers",Chalmers.Pagen@Riffpedia.com
883,Year 3,"Taggert, Elita","Taggert, Tyne",Tyne.Taggert@Voonix.com
884,Year 3,"Roches, Tony","Roches, Cam",Cam.Roches@Edgeblab.com
885,Year 4,"Wines, Phelia","Wines, Marshall",Marshall.Wines@Aibox.com
886,Year 3,"Boarer, Kris","Boarer, Brigitta",Brigitta.Boarer@Oyope.com
887,Year 4,"Fearey, Courtnay","Fearey, Micki",Micki.Fearey@Youopia.com
888,Year 2,"Pedrazzi, Bartie","Pedrazzi, Rhody",Rhody.Pedrazzi@Oyope.com
889,Year 1,"Sogg, Pincas","Sogg, Mara",Mara.Sogg@Wikizz.com
890,Year 4,"Rand, Delainey","Rand, Lyndsey",Lyndsey.Rand@Yotz.com
891,Year 3,"Fleis, Alvy","Fleis, Kellen",Kellen.Fleis@Skyba.com
892,Year 2,"Thominga, Chrotoem","Thominga, Rayna",Rayna.Thominga@Reallinks.com
893,Year 4,"Gobel, Ebeneser","Gobel, Cindi",Cindi.Gobel@Pixoboo.com
894,Year 2,"Perillio, Orelee","Perillio, Philipa",Philipa.Perillio@Photobug.com
895,Year 4,"Wiffen, Carmelita","Wiffen, Karyn",Karyn.Wiffen@Buzzdog.com
896,Year 4,"Grimestone, Dion","Grimestone, Tiffany",Tiffany.Grimestone@Thoughtmix.com
897,Year 3,"Sloey, Terry","Sloey, Elwin",Elwin.Sloey@Shuffledrive.com
898,Year 1,"Pallaske, Reube","Pallaske, Prince",Prince.Pallaske@Thoughtmix.com
899,Year 4,"Woodard, Ossie","Woodard, Korrie",Korrie.Woodard@Devpoint.com
900,Year 3,"Navarijo, Olly","Navarijo, Rebe",Rebe.Navarijo@Fliptune.com
901,Year 1,"Shackesby, Maybelle","Shackesby, Lynna",Lynna.Shackesby@Zoovu.com
902,Year 3,"Plum, Seumas","Plum, Pablo",Pablo.Plum@Kare.com
903,Year 1,"Glassborow, Burl","Glassborow, Cary",Cary.Glassborow@Flipstorm.com
904,Year 1,"Laidler, Farra","Laidler, Jeremias",Jeremias.Laidler@Talane.com
905,Year 3,"Callicott, Olwen","Callicott, Ira",Ira.Callicott@Photobug.com
906,Year 3,"Djorvic, Zoe","Djorvic, May",May.Djorvic@Youspan.com
907,Year 4,"Faudrie, Tonye","Faudrie, Wendel",Wendel.Faudrie@Tazz.com
908,Year 3,"Alvin, Jody","Alvin, Kenna",Kenna.Alvin@Zooxo.com
909,Year 1,"Feuell, Brandie","Feuell, Sauncho",Sauncho.Feuell@Chatterpoint.com
910,Year 3,"Stonard, Mic","Stonard, Aeriela",Aeriela.Stonard@Zoonoodle.com
911,Year 4,"Kevane, Jilli","Kevane, Onfre",Onfre.Kevane@Wikido.com
912,Year 2,"Fforde, Jessie","Fforde, Zia",Zia.Fforde@Yodoo.com
913,Year 1,"Manntschke, Eleonora","Manntschke, Sioux",Sioux.Manntschke@Zoomzone.com
914,Year 3,"Bergin, Westley","Bergin, Rock",Rock.Bergin@Yakidoo.com
915,Year 2,"Carabine, Thelma","Carabine, Celestyna",Celestyna.Carabine@Meeveo.com
916,Year 1,"Ferebee, Nannie","Ferebee, Darsey",Darsey.Ferebee@Reallinks.com
917,Year 1,"Klink, Sib","Klink, Grayce",Grayce.Klink@Zoovu.com
918,Year 1,"Skellion, Keely","Skellion, Aubrey",Aubrey.Skellion@Kwideo.com
919,Year 3,"Rosthorn, Erinna","Rosthorn, Cathee",Cathee.Rosthorn@Dazzlesphere.com
920,Year 2,"Lewinton, Elvin","Lewinton, Trey",Trey.Lewinton@Kwimbee.com
921,Year 2,"Zoellner, Rosana","Zoellner, Kirby",Kirby.Zoellner@Yoveo.com
922,Year 3,"Blackborough, Elaine","Blackborough, Guido",Guido.Blackborough@Photofeed.com
923,Year 3,"Ovett, Roddie","Ovett, Rosa",Rosa.Ovett@Browsedrive.com
924,Year 3,"Galia, Ninnetta","Galia, Gibby",Gibby.Galia@DabZ.com
925,Year 1,"Norewood, Casandra","Norewood, Winnifred",Winnifred.Norewood@Zoomzone.com
926,Year 4,"Haney`, Pen","Haney`, Talyah",Talyah.Haney`@Jaxworks.com
927,Year 1,"Mendel, Brigg","Mendel, Morna",Morna.Mendel@Flipstorm.com
928,Year 4,"Cookney, Susana","Cookney, Erskine",Erskine.Cookney@Skyvu.com
929,Year 2,"Widger, Codi","Widger, Polly",Polly.Widger@Trunyx.com
930,Year 1,"Finlason, Sonny","Finlason, Bab",Bab.Finlason@Photospace.com
931,Year 2,"Whardley, Felike","Whardley, Boigie",Boigie.Whardley@Yabox.com
932,Year 4,"Overill, Aileen","Overill, Mabel",Mabel.Overill@Oyondu.com
933,Year 2,"Hobble, Rayna","Hobble, Lancelot",Lancelot.Hobble@Twitterlist.com
934,Year 1,"Corradeschi, Dela","Corradeschi, Ted",Ted.Corradeschi@Devcast.com
935,Year 2,"Arnald, Temple","Arnald, Barrie",Barrie.Arnald@Feedspan.com
936,Year 4,"Garnsworthy, Corey","Garnsworthy, Eryn",Eryn.Garnsworthy@Brainbox.com
937,Year 3,"Skotcher, Lyssa","Skotcher, Dinny",Dinny.Skotcher@Shuffletag.com
938,Year 2,"Congreave, Farra","Congreave, Vera",Vera.Congreave@Topdrive.com
939,Year 2,"Hartle, Chanda","Hartle, Jackquelin",Jackquelin.Hartle@Meejo.com
940,Year 3,"Pressman, Emmott","Pressman, Jamill",Jamill.Pressman@Omba.com
941,Year 3,"Roussel, Alvera","Roussel, Tisha",Tisha.Roussel@Chatterbridge.com
942,Year 3,"Pennington, Korney","Pennington, Roanna",Roanna.Pennington@Youfeed.com
943,Year 4,"Rousby, Travus","Rousby, Caesar",Caesar.Rousby@Dablist.com
944,Year 2,"Pleaden, Wakefield","Pleaden, Louella",Louella.Pleaden@Katz.com
945,Year 2,"Pirrie, Amy","Pirrie, Peggy",Peggy.Pirrie@Zava.com
946,Year 1,"Poyntz, Barn","Poyntz, Alikee",Alikee.Poyntz@Skimia.com
947,Year 2,"Okie, Heindrick","Okie, Bertine",Bertine.Okie@Feednation.com
948,Year 4,"Thulborn, Gan","Thulborn, Cornelius",Cornelius.Thulborn@Jaxbean.com
949,Year 1,"Wallach, Delphinia","Wallach, Prudy",Prudy.Wallach@Thoughtworks.com
950,Year 3,"Hallad, Harlin","Hallad, Rowney",Rowney.Hallad@Meemm.com
951,Year 1,"Side, Ida","Side, Cynde",Cynde.Side@Mymm.com
952,Year 1,"Cavilla, Lia","Cavilla, Moll",Moll.Cavilla@Dynabox.com
953,Year 3,"Bevans, Tammie","Bevans, Kristi",Kristi.Bevans@Jabbercube.com
954,Year 4,"Genny, Towney","Genny, Konrad",Konrad.Genny@Kwideo.com
955,Year 1,"Midson, Darsie","Midson, Tiffanie",Tiffanie.Midson@Buzzbean.com
956,Year 1,"Timeby, Bobbee","Timeby, Lemmie",Lemmie.Timeby@Jayo.com
957,Year 4,"Pardal, Giacinta","Pardal, Richmond",Richmond.Pardal@Rhyzio.com
958,Year 1,"McCrossan, Justinian","McCrossan, Margy",Margy.McCrossan@Kazu.com
959,Year 2,"Peizer, Maxine","Peizer, Eugen",Eugen.Peizer@Devcast.com
960,Year 4,"Oloshin, Claudell","Oloshin, Lilli",Lilli.Oloshin@Kaymbo.com
961,Year 3,"Marc, Risa","Marc, Jobyna",Jobyna.Marc@Twitterworks.com
962,Year 4,"Kowalski, Leontine","Kowalski, Devinne",Devinne.Kowalski@Zazio.com
963,Year 3,"Lindsell, Yasmin","Lindsell, Wit",Wit.Lindsell@Wikizz.com
964,Year 3,"Bestwick, Carlyle","Bestwick, Clareta",Clareta.Bestwick@Yakijo.com
965,Year 3,"Emps, Arnold","Emps, Madelene",Madelene.Emps@Bluezoom.com
966,Year 1,"Trevaskus, Cassandry","Trevaskus, Jerrilee",Jerrilee.Trevaskus@Eazzy.com
967,Year 2,"Whitlock, Julianna","Whitlock, Herbert",Herbert.Whitlock@JumpXS.com
968,Year 4,"Grzelewski, Meryl","Grzelewski, Charita",Charita.Grzelewski@Twitterbridge.com
969,Year 1,"Ketch, Louella","Ketch, Shara",Shara.Ketch@Yakijo.com
970,Year 4,"Dreng, Meredith","Dreng, Fernanda",Fernanda.Dreng@Buzzshare.com
971,Year 1,"Bridgstock, Brana","Bridgstock, Derrik",Derrik.Bridgstock@Innotype.com
972,Year 1,"Roswarne, Efrem","Roswarne, Kara-lynn",Kara-lynn.Roswarne@Oyoyo.com
973,Year 4,"Hannabuss, Catrina","Hannabuss, Gabey",Gabey.Hannabuss@Bubbletube.com
974,Year 3,"Swansbury, Ainslie","Swansbury, Twila",Twila.Swansbury@Browsetype.com
975,Year 3,"Archard, Jerry","Archard, Hilliary",Hilliary.Archard@Ntag.com
976,Year 3,"Chevis, Cly","Chevis, Korie",Korie.Chevis@Mymm.com
977,Year 2,"Alves, Tarrance","Alves, Flint",Flint.Alves@Pixope.com
978,Year 1,"Bakesef, Geneva","Bakesef, Kimball",Kimball.Bakesef@Flashpoint.com
979,Year 3,"Youel, Rosaline","Youel, Calypso",Calypso.Youel@Shufflebeat.com
980,Year 2,"Cessford, Livvyy","Cessford, Roman",Roman.Cessford@Cogibox.com
981,Year 1,"Maharey, Deirdre","Maharey, Dion",Dion.Maharey@Browseblab.com
982,Year 2,"Heckney, Dyan","Heckney, Nate",Nate.Heckney@Realbridge.com
983,Year 1,"Bunclark, Alika","Bunclark, Daffi",Daffi.Bunclark@Quatz.com
984,Year 3,"Flewitt, Daryle","Flewitt, Madelina",Madelina.Flewitt@Gigazoom.com
985,Year 1,"Okeshott, Clovis","Okeshott, Donavon",Donavon.Okeshott@Yakijo.com
986,Year 1,"Shory, Gratia","Shory, Corabella",Corabella.Shory@Devcast.com
987,Year 3,"Beidebeke, Alane","Beidebeke, Leoine",Leoine.Beidebeke@Camimbo.com
988,Year 3,"Hembery, Bridie","Hembery, Agatha",Agatha.Hembery@Bluejam.com
989,Year 3,"Loughran, Hannis","Loughran, Hadleigh",Hadleigh.Loughran@Thoughtsphere.com
990,Year 4,"Glowinski, Gwen","Glowinski, Trenna",Trenna.Glowinski@Twitterworks.com
991,Year 1,"Wrightson, Henrie","Wrightson, Layton",Layton.Wrightson@Zoomlounge.com
992,Year 2,"Raine, Ludwig","Raine, Edy",Edy.Raine@Skilith.com
993,Year 2,"Pie, Hamel","Pie, Hill",Hill.Pie@Jatri.com
994,Year 4,"Sergison, Tamma","Sergison, Tarrance",Tarrance.Sergison@Bluejam.com
995,Year 1,"Worling, Ninetta","Worling, Peterus",Peterus.Worling@Omba.com
996,Year 3,"Tinton, Stanford","Tinton, Kyle",Kyle.Tinton@Dabshots.com
997,Year 2,"MacCook, Ertha","MacCook, Kessiah",Kessiah.MacCook@Topicshots.com
998,Year 4,"Randles, Lawton","Randles, Kali",Kali.Randles@Skalith.com
999,Year 2,"Pashbee, Engracia","Pashbee, Emlynn",Emlynn.Pashbee@Zoomzone.com
